Transaction_ID,Patient_ID,Start_Time,End_Time,Latency_Seconds,Status
1,CLOUD_LAT_READ_20260219_180840_P000001,1771524522.101571512,1771524522.207370774,.105799262,SUCCESS
2,CLOUD_LAT_READ_20260219_180840_P000002,1771524522.340212772,1771524522.425764133,.085551361,SUCCESS
3,CLOUD_LAT_READ_20260219_180840_P000003,1771524522.539260561,1771524522.628744558,.089483997,SUCCESS
4,CLOUD_LAT_READ_20260219_180840_P000004,1771524522.639581333,1771524522.727935191,.088353858,SUCCESS
5,CLOUD_LAT_READ_20260219_180840_P000005,1771524522.738558859,1771524522.823723906,.085165047,SUCCESS
6,CLOUD_LAT_READ_20260219_180840_P000006,1771524522.835525115,1771524522.916701824,.081176709,SUCCESS
7,CLOUD_LAT_READ_20260219_180840_P000007,1771524522.927720706,1771524523.014230801,.086510095,SUCCESS
8,CLOUD_LAT_READ_20260219_180840_P000008,1771524523.024986572,1771524523.110490431,.085503859,SUCCESS
9,CLOUD_LAT_READ_20260219_180840_P000009,1771524523.121373509,1771524523.207606694,.086233185,SUCCESS
10,CLOUD_LAT_READ_20260219_180840_P000010,1771524523.218234861,1771524523.303662317,.085427456,SUCCESS
11,CLOUD_LAT_READ_20260219_180840_P000001,1771524523.314490993,1771524523.400483669,.085992676,SUCCESS
12,CLOUD_LAT_READ_20260219_180840_P000002,1771524523.411368546,1771524523.497568030,.086199484,SUCCESS
13,CLOUD_LAT_READ_20260219_180840_P000003,1771524523.508276200,1771524523.592914530,.084638330,SUCCESS
14,CLOUD_LAT_READ_20260219_180840_P000004,1771524523.603345490,1771524523.688492837,.085147347,SUCCESS
15,CLOUD_LAT_READ_20260219_180840_P000005,1771524523.699169107,1771524523.783815437,.084646330,SUCCESS
16,CLOUD_LAT_READ_20260219_180840_P000006,1771524523.794157094,1771524523.877317772,.083160678,SUCCESS
17,CLOUD_LAT_READ_20260219_180840_P000007,1771524523.888225150,1771524523.987856599,.099631449,SUCCESS
18,CLOUD_LAT_READ_20260219_180840_P000008,1771524523.998948782,1771524524.086447211,.087498429,SUCCESS
19,CLOUD_LAT_READ_20260219_180840_P000009,1771524524.097039977,1771524524.185903953,.088863976,SUCCESS
20,CLOUD_LAT_READ_20260219_180840_P000010,1771524524.196687126,1771524524.314427701,.117740575,SUCCESS
21,CLOUD_LAT_READ_20260219_180840_P000001,1771524524.325002167,1771524524.423743285,.098741118,SUCCESS
22,CLOUD_LAT_READ_20260219_180840_P000002,1771524524.434740166,1771524524.521659474,.086919308,SUCCESS
23,CLOUD_LAT_READ_20260219_180840_P000003,1771524524.532126636,1771524524.619407457,.087280821,SUCCESS
24,CLOUD_LAT_READ_20260219_180840_P000004,1771524524.630252432,1771524524.721792700,.091540268,SUCCESS
25,CLOUD_LAT_READ_20260219_180840_P000005,1771524524.732541673,1771524524.838005223,.105463550,SUCCESS
26,CLOUD_LAT_READ_20260219_180840_P000006,1771524524.848546088,1771524524.936113819,.087567731,SUCCESS
27,CLOUD_LAT_READ_20260219_180840_P000007,1771524524.947882226,1771524525.035446757,.087564531,SUCCESS
28,CLOUD_LAT_READ_20260219_180840_P000008,1771524525.048374704,1771524525.136325648,.087950944,SUCCESS
29,CLOUD_LAT_READ_20260219_180840_P000009,1771524525.146947416,1771524525.232784586,.085837170,SUCCESS
30,CLOUD_LAT_READ_20260219_180840_P000010,1771524525.243561260,1771524525.338660051,.095098791,SUCCESS
31,CLOUD_LAT_READ_20260219_180840_P000001,1771524525.349325820,1771524525.436738346,.087412526,SUCCESS
32,CLOUD_LAT_READ_20260219_180840_P000002,1771524525.447811929,1771524525.533092781,.085280852,SUCCESS
33,CLOUD_LAT_READ_20260219_180840_P000003,1771524525.543940356,1771524525.631263379,.087323023,SUCCESS
34,CLOUD_LAT_READ_20260219_180840_P000004,1771524525.641804543,1771524525.727016392,.085211849,SUCCESS
35,CLOUD_LAT_READ_20260219_180840_P000005,1771524525.737651461,1771524525.823299226,.085647765,SUCCESS
36,CLOUD_LAT_READ_20260219_180840_P000006,1771524525.834858625,1771524525.922131546,.087272921,SUCCESS
37,CLOUD_LAT_READ_20260219_180840_P000007,1771524525.935702516,1771524526.022074105,.086371589,SUCCESS
38,CLOUD_LAT_READ_20260219_180840_P000008,1771524526.033003783,1771524526.118680448,.085676665,SUCCESS
39,CLOUD_LAT_READ_20260219_180840_P000009,1771524526.129200713,1771524526.215141788,.085941075,SUCCESS
40,CLOUD_LAT_READ_20260219_180840_P000010,1771524526.226018164,1771524526.309819564,.083801400,SUCCESS
41,CLOUD_LAT_READ_20260219_180840_P000001,1771524526.320213624,1771524526.405669681,.085456057,SUCCESS
42,CLOUD_LAT_READ_20260219_180840_P000002,1771524526.416374252,1771524526.503861780,.087487528,SUCCESS
43,CLOUD_LAT_READ_20260219_180840_P000003,1771524526.514538450,1771524526.601965776,.087427326,SUCCESS
44,CLOUD_LAT_READ_20260219_180840_P000004,1771524526.612631145,1771524526.700982903,.088351758,SUCCESS
45,CLOUD_LAT_READ_20260219_180840_P000005,1771524526.710984349,1771524526.797190533,.086206184,SUCCESS
46,CLOUD_LAT_READ_20260219_180840_P000006,1771524526.807743098,1771524526.892756740,.085013642,SUCCESS
47,CLOUD_LAT_READ_20260219_180840_P000007,1771524526.903672018,1771524526.987471718,.083799700,SUCCESS
48,CLOUD_LAT_READ_20260219_180840_P000008,1771524526.998340695,1771524527.083510643,.085169948,SUCCESS
49,CLOUD_LAT_READ_20260219_180840_P000009,1771524527.094295916,1771524527.178217021,.083921105,SUCCESS
50,CLOUD_LAT_READ_20260219_180840_P000010,1771524527.189041095,1771524527.272902097,.083861002,SUCCESS
51,CLOUD_LAT_READ_20260219_180840_P000001,1771524527.283280957,1771524527.368208597,.084927640,SUCCESS
52,CLOUD_LAT_READ_20260219_180840_P000002,1771524527.378613556,1771524527.463975711,.085362155,SUCCESS
53,CLOUD_LAT_READ_20260219_180840_P000003,1771524527.474537076,1771524527.559642222,.085105146,SUCCESS
54,CLOUD_LAT_READ_20260219_180840_P000004,1771524527.569788073,1771524527.654189895,.084401822,SUCCESS
55,CLOUD_LAT_READ_20260219_180840_P000005,1771524527.665162774,1771524527.749812404,.084649630,SUCCESS
56,CLOUD_LAT_READ_20260219_180840_P000006,1771524527.760681180,1771524527.845707423,.085026243,SUCCESS
57,CLOUD_LAT_READ_20260219_180840_P000007,1771524527.856050481,1771524527.941925453,.085874972,SUCCESS
58,CLOUD_LAT_READ_20260219_180840_P000008,1771524527.952225510,1771524528.037079647,.084854137,SUCCESS
59,CLOUD_LAT_READ_20260219_180840_P000009,1771524528.047653012,1771524528.134119505,.086466493,SUCCESS
60,CLOUD_LAT_READ_20260219_180840_P000010,1771524528.144761874,1771524528.230699686,.085937812,SUCCESS
61,CLOUD_LAT_READ_20260219_180840_P000001,1771524528.241290459,1771524528.327938830,.086648371,SUCCESS
62,CLOUD_LAT_READ_20260219_180840_P000002,1771524528.338260196,1771524528.424410150,.086149954,SUCCESS
63,CLOUD_LAT_READ_20260219_180840_P000003,1771524528.435186532,1771524528.517427247,.082240715,SUCCESS
64,CLOUD_LAT_READ_20260219_180840_P000004,1771524528.528121227,1771524528.611465581,.083344354,SUCCESS
65,CLOUD_LAT_READ_20260219_180840_P000005,1771524528.622638377,1771524528.707069370,.084430993,SUCCESS
66,CLOUD_LAT_READ_20260219_180840_P000006,1771524528.717808651,1771524528.803746597,.085937946,SUCCESS
67,CLOUD_LAT_READ_20260219_180840_P000007,1771524528.814104064,1771524528.900019709,.085915645,SUCCESS
68,CLOUD_LAT_READ_20260219_180840_P000008,1771524528.910904496,1771524528.998178890,.087274394,SUCCESS
69,CLOUD_LAT_READ_20260219_180840_P000009,1771524529.009094376,1771524529.093316261,.084221885,SUCCESS
70,CLOUD_LAT_READ_20260219_180840_P000010,1771524529.104225349,1771524529.197835767,.093610418,SUCCESS
71,CLOUD_LAT_READ_20260219_180840_P000001,1771524529.209391877,1771524529.297009383,.087617506,SUCCESS
72,CLOUD_LAT_READ_20260219_180840_P000002,1771524529.307959671,1771524529.395461073,.087501402,SUCCESS
73,CLOUD_LAT_READ_20260219_180840_P000003,1771524529.406002246,1771524529.491889991,.085887745,SUCCESS
74,CLOUD_LAT_READ_20260219_180840_P000004,1771524529.502600370,1771524529.587647685,.085047315,SUCCESS
75,CLOUD_LAT_READ_20260219_180840_P000005,1771524529.598248161,1771524529.685442552,.087194391,SUCCESS
76,CLOUD_LAT_READ_20260219_180840_P000006,1771524529.696306537,1771524529.782664098,.086357561,SUCCESS
77,CLOUD_LAT_READ_20260219_180840_P000007,1771524529.793270874,1771524529.880641071,.087370197,SUCCESS
78,CLOUD_LAT_READ_20260219_180840_P000008,1771524529.891503657,1771524529.978648346,.087144689,SUCCESS
79,CLOUD_LAT_READ_20260219_180840_P000009,1771524529.989588133,1771524530.076782224,.087194091,SUCCESS
80,CLOUD_LAT_READ_20260219_180840_P000010,1771524530.087666210,1771524530.174889002,.087222792,SUCCESS
81,CLOUD_LAT_READ_20260219_180840_P000001,1771524530.185089564,1771524530.271416524,.086326960,SUCCESS
82,CLOUD_LAT_READ_20260219_180840_P000002,1771524530.281799192,1771524530.367934446,.086135254,SUCCESS
83,CLOUD_LAT_READ_20260219_180840_P000003,1771524530.378405316,1771524530.463449230,.085043914,SUCCESS
84,CLOUD_LAT_READ_20260219_180840_P000004,1771524530.474157911,1771524530.559911251,.085753340,SUCCESS
85,CLOUD_LAT_READ_20260219_180840_P000005,1771524530.570504726,1771524530.656568876,.086064150,SUCCESS
86,CLOUD_LAT_READ_20260219_180840_P000006,1771524530.667407961,1771524530.758963406,.091555445,SUCCESS
87,CLOUD_LAT_READ_20260219_180840_P000007,1771524530.769789590,1771524530.856110350,.086320760,SUCCESS
88,CLOUD_LAT_READ_20260219_180840_P000008,1771524530.866743827,1771524530.956792519,.090048692,SUCCESS
89,CLOUD_LAT_READ_20260219_180840_P000009,1771524530.967609403,1771524531.058392221,.090782818,SUCCESS
90,CLOUD_LAT_READ_20260219_180840_P000010,1771524531.069590018,1771524531.160738849,.091148831,SUCCESS
91,CLOUD_LAT_READ_20260219_180840_P000001,1771524531.171790041,1771524531.259884964,.088094923,SUCCESS
92,CLOUD_LAT_READ_20260219_180840_P000002,1771524531.270844852,1771524531.355025036,.084180184,SUCCESS
93,CLOUD_LAT_READ_20260219_180840_P000003,1771524531.365765517,1771524531.452394588,.086629071,SUCCESS
94,CLOUD_LAT_READ_20260219_180840_P000004,1771524531.463053666,1771524531.548949611,.085895945,SUCCESS
95,CLOUD_LAT_READ_20260219_180840_P000005,1771524531.559420682,1771524531.647202994,.087782312,SUCCESS
96,CLOUD_LAT_READ_20260219_180840_P000006,1771524531.657983376,1771524531.744865756,.086882380,SUCCESS
97,CLOUD_LAT_READ_20260219_180840_P000007,1771524531.755672239,1771524531.842289110,.086616871,SUCCESS
98,CLOUD_LAT_READ_20260219_180840_P000008,1771524531.853304699,1771524531.940869003,.087564304,SUCCESS
99,CLOUD_LAT_READ_20260219_180840_P000009,1771524531.951906895,1771524532.039166888,.087259993,SUCCESS
100,CLOUD_LAT_READ_20260219_180840_P000010,1771524532.050198179,1771524532.136648244,.086450065,SUCCESS
101,CLOUD_LAT_READ_20260219_180840_P000001,1771524532.147582931,1771524532.234909826,.087326895,SUCCESS
102,CLOUD_LAT_READ_20260219_180840_P000002,1771524532.245732610,1771524532.333420618,.087688008,SUCCESS
103,CLOUD_LAT_READ_20260219_180840_P000003,1771524532.344044495,1771524532.431634200,.087589705,SUCCESS
104,CLOUD_LAT_READ_20260219_180840_P000004,1771524532.442236976,1771524532.529351964,.087114988,SUCCESS
105,CLOUD_LAT_READ_20260219_180840_P000005,1771524532.540543461,1771524532.626592811,.086049350,SUCCESS
106,CLOUD_LAT_READ_20260219_180840_P000006,1771524532.637240089,1771524532.720930256,.083690167,SUCCESS
107,CLOUD_LAT_READ_20260219_180840_P000007,1771524532.731760739,1771524532.826623001,.094862262,SUCCESS
108,CLOUD_LAT_READ_20260219_180840_P000008,1771524532.838208413,1771524532.924933287,.086724874,SUCCESS
109,CLOUD_LAT_READ_20260219_180840_P000009,1771524532.935425559,1771524533.023625385,.088199826,SUCCESS
110,CLOUD_LAT_READ_20260219_180840_P000010,1771524533.034882485,1771524533.121446754,.086564269,SUCCESS
111,CLOUD_LAT_READ_20260219_180840_P000001,1771524533.132590348,1771524533.218535995,.085945647,SUCCESS
112,CLOUD_LAT_READ_20260219_180840_P000002,1771524533.228980365,1771524533.312011208,.083030843,SUCCESS
113,CLOUD_LAT_READ_20260219_180840_P000003,1771524533.323165804,1771524533.409411261,.086245457,SUCCESS
114,CLOUD_LAT_READ_20260219_180840_P000004,1771524533.420660860,1771524533.507935354,.087274494,SUCCESS
115,CLOUD_LAT_READ_20260219_180840_P000005,1771524533.518605332,1771524533.603928356,.085323024,SUCCESS
116,CLOUD_LAT_READ_20260219_180840_P000006,1771524533.614006514,1771524533.699543747,.085537233,SUCCESS
117,CLOUD_LAT_READ_20260219_180840_P000007,1771524533.709963815,1771524533.795136434,.085172619,SUCCESS
118,CLOUD_LAT_READ_20260219_180840_P000008,1771524533.805938917,1771524533.890325708,.084386791,SUCCESS
119,CLOUD_LAT_READ_20260219_180840_P000009,1771524533.901068690,1771524533.988233379,.087164689,SUCCESS
120,CLOUD_LAT_READ_20260219_180840_P000010,1771524533.999218969,1771524534.087189187,.087970218,SUCCESS
121,CLOUD_LAT_READ_20260219_180840_P000001,1771524534.098213178,1771524534.183677507,.085464329,SUCCESS
122,CLOUD_LAT_READ_20260219_180840_P000002,1771524534.194758000,1771524534.281660280,.086902280,SUCCESS
123,CLOUD_LAT_READ_20260219_180840_P000003,1771524534.292663671,1771524534.380403681,.087740010,SUCCESS
124,CLOUD_LAT_READ_20260219_180840_P000004,1771524534.391121861,1771524534.478559061,.087437200,SUCCESS
125,CLOUD_LAT_READ_20260219_180840_P000005,1771524534.489526450,1771524534.575366893,.085840443,SUCCESS
126,CLOUD_LAT_READ_20260219_180840_P000006,1771524534.586423484,1771524534.673619875,.087196391,SUCCESS
127,CLOUD_LAT_READ_20260219_180840_P000007,1771524534.684744670,1771524534.770475509,.085730839,SUCCESS
128,CLOUD_LAT_READ_20260219_180840_P000008,1771524534.780825976,1771524534.865701284,.084875308,SUCCESS
129,CLOUD_LAT_READ_20260219_180840_P000009,1771524534.876082552,1771524534.961257971,.085175419,SUCCESS
130,CLOUD_LAT_READ_20260219_180840_P000010,1771524534.972212060,1771524535.060804800,.088592740,SUCCESS
131,CLOUD_LAT_READ_20260219_180840_P000001,1771524535.071837192,1771524535.161319964,.089482772,SUCCESS
132,CLOUD_LAT_READ_20260219_180840_P000002,1771524535.172372755,1771524535.258220098,.085847343,SUCCESS
133,CLOUD_LAT_READ_20260219_180840_P000003,1771524535.269096984,1771524535.353098462,.084001478,SUCCESS
134,CLOUD_LAT_READ_20260219_180840_P000004,1771524535.363913145,1771524535.449795789,.085882644,SUCCESS
135,CLOUD_LAT_READ_20260219_180840_P000005,1771524535.460226359,1771524535.546975634,.086749275,SUCCESS
136,CLOUD_LAT_READ_20260219_180840_P000006,1771524535.557687114,1771524535.642208310,.084521196,SUCCESS
137,CLOUD_LAT_READ_20260219_180840_P000007,1771524535.652944491,1771524535.738534325,.085589834,SUCCESS
138,CLOUD_LAT_READ_20260219_180840_P000008,1771524535.748338473,1771524535.833689698,.085351225,SUCCESS
139,CLOUD_LAT_READ_20260219_180840_P000009,1771524535.851982647,1771524535.937569281,.085586634,SUCCESS
140,CLOUD_LAT_READ_20260219_180840_P000010,1771524535.948698175,1771524536.036687094,.087988919,SUCCESS
141,CLOUD_LAT_READ_20260219_180840_P000001,1771524536.047332071,1771524536.133219716,.085887645,SUCCESS
142,CLOUD_LAT_READ_20260219_180840_P000002,1771524536.143116667,1771524536.228705734,.085589067,SUCCESS
143,CLOUD_LAT_READ_20260219_180840_P000003,1771524536.239689332,1771524536.328824285,.089134953,SUCCESS
144,CLOUD_LAT_READ_20260219_180840_P000004,1771524536.340208200,1771524536.427518186,.087309986,SUCCESS
145,CLOUD_LAT_READ_20260219_180840_P000005,1771524536.438694294,1771524536.525678468,.086984174,SUCCESS
146,CLOUD_LAT_READ_20260219_180840_P000006,1771524536.536391259,1771524536.624680281,.088289022,SUCCESS
147,CLOUD_LAT_READ_20260219_180840_P000007,1771524536.635722983,1771524536.722922364,.087199381,SUCCESS
148,CLOUD_LAT_READ_20260219_180840_P000008,1771524536.733738560,1771524536.827158069,.093419509,SUCCESS
149,CLOUD_LAT_READ_20260219_180840_P000009,1771524536.839098604,1771524536.925766567,.086667963,SUCCESS
150,CLOUD_LAT_READ_20260219_180840_P000010,1771524536.936954075,1771524537.025261398,.088307323,SUCCESS
151,CLOUD_LAT_READ_20260219_180840_P000001,1771524537.036535909,1771524537.123407979,.086872070,SUCCESS
152,CLOUD_LAT_READ_20260219_180840_P000002,1771524537.134360478,1771524537.219532985,.085172507,SUCCESS
153,CLOUD_LAT_READ_20260219_180840_P000003,1771524537.230332280,1771524537.316850137,.086517857,SUCCESS
154,CLOUD_LAT_READ_20260219_180840_P000004,1771524537.327605129,1771524537.412438825,.084833696,SUCCESS
155,CLOUD_LAT_READ_20260219_180840_P000005,1771524537.423325722,1771524537.510446100,.087120378,SUCCESS
156,CLOUD_LAT_READ_20260219_180840_P000006,1771524537.521252596,1771524537.608889394,.087636798,SUCCESS
157,CLOUD_LAT_READ_20260219_180840_P000007,1771524537.620006899,1771524537.707643997,.087637098,SUCCESS
158,CLOUD_LAT_READ_20260219_180840_P000008,1771524537.718765103,1771524537.804451630,.085686527,SUCCESS
159,CLOUD_LAT_READ_20260219_180840_P000009,1771524537.815216222,1771524537.902719815,.087503593,SUCCESS
160,CLOUD_LAT_READ_20260219_180840_P000010,1771524537.913290201,1771524537.998185699,.084895498,SUCCESS
161,CLOUD_LAT_READ_20260219_180840_P000001,1771524538.008356069,1771524538.093125763,.084769694,SUCCESS
162,CLOUD_LAT_READ_20260219_180840_P000002,1771524538.104042761,1771524538.188421740,.084378979,SUCCESS
163,CLOUD_LAT_READ_20260219_180840_P000003,1771524538.199059428,1771524538.283774719,.084715291,SUCCESS
164,CLOUD_LAT_READ_20260219_180840_P000004,1771524538.294713018,1771524538.381066369,.086353351,SUCCESS
165,CLOUD_LAT_READ_20260219_180840_P000005,1771524538.391971367,1771524538.477362883,.085391516,SUCCESS
166,CLOUD_LAT_READ_20260219_180840_P000006,1771524538.488412186,1771524538.572682661,.084270475,SUCCESS
167,CLOUD_LAT_READ_20260219_180840_P000007,1771524538.583369851,1771524538.670196219,.086826368,SUCCESS
168,CLOUD_LAT_READ_20260219_180840_P000008,1771524538.680978813,1771524538.766171821,.085193008,SUCCESS
169,CLOUD_LAT_READ_20260219_180840_P000009,1771524538.776970616,1771524538.861886715,.084916099,SUCCESS
170,CLOUD_LAT_READ_20260219_180840_P000010,1771524538.872599105,1771524538.960611616,.088012511,SUCCESS
171,CLOUD_LAT_READ_20260219_180840_P000001,1771524538.971655619,1771524539.060045444,.088389825,SUCCESS
172,CLOUD_LAT_READ_20260219_180840_P000002,1771524539.071041146,1771524539.157320795,.086279649,SUCCESS
173,CLOUD_LAT_READ_20260219_180840_P000003,1771524539.168173590,1771524539.252546469,.084372879,SUCCESS
174,CLOUD_LAT_READ_20260219_180840_P000004,1771524539.262815744,1771524539.347512734,.084696990,SUCCESS
175,CLOUD_LAT_READ_20260219_180840_P000005,1771524539.358597239,1771524539.447897298,.089300059,SUCCESS
176,CLOUD_LAT_READ_20260219_180840_P000006,1771524539.458866697,1771524539.544750331,.085883634,SUCCESS
177,CLOUD_LAT_READ_20260219_180840_P000007,1771524539.555614228,1771524539.641204551,.085590323,SUCCESS
178,CLOUD_LAT_READ_20260219_180840_P000008,1771524539.651870240,1771524539.737636170,.085765930,SUCCESS
179,CLOUD_LAT_READ_20260219_180840_P000009,1771524539.748142253,1771524539.835909455,.087767202,SUCCESS
180,CLOUD_LAT_READ_20260219_180840_P000010,1771524539.846168830,1771524539.930122993,.083954163,SUCCESS
181,CLOUD_LAT_READ_20260219_180840_P000001,1771524539.941053492,1771524540.027406943,.086353451,SUCCESS
182,CLOUD_LAT_READ_20260219_180840_P000002,1771524540.038386643,1771524540.124958102,.086571459,SUCCESS
183,CLOUD_LAT_READ_20260219_180840_P000003,1771524540.135942403,1771524540.221399221,.085456818,SUCCESS
184,CLOUD_LAT_READ_20260219_180840_P000004,1771524540.232289719,1771524540.317859441,.085569722,SUCCESS
185,CLOUD_LAT_READ_20260219_180840_P000005,1771524540.329129952,1771524540.413803442,.084673490,SUCCESS
186,CLOUD_LAT_READ_20260219_180840_P000006,1771524540.424617537,1771524540.511863120,.087245583,SUCCESS
187,CLOUD_LAT_READ_20260219_180840_P000007,1771524540.522573811,1771524540.610597823,.088024012,SUCCESS
188,CLOUD_LAT_READ_20260219_180840_P000008,1771524540.621683627,1771524540.708839407,.087155780,SUCCESS
189,CLOUD_LAT_READ_20260219_180840_P000009,1771524540.719646902,1771524540.805849048,.086202146,SUCCESS
190,CLOUD_LAT_READ_20260219_180840_P000010,1771524540.816786747,1771524540.904507748,.087721001,SUCCESS
191,CLOUD_LAT_READ_20260219_180840_P000001,1771524540.915077433,1771524541.002390619,.087313186,SUCCESS
192,CLOUD_LAT_READ_20260219_180840_P000002,1771524541.013100410,1771524541.100533600,.087433190,SUCCESS
193,CLOUD_LAT_READ_20260219_180840_P000003,1771524541.111694508,1771524541.195888680,.084194172,SUCCESS
194,CLOUD_LAT_READ_20260219_180840_P000004,1771524541.206915782,1771524541.293094526,.086178744,SUCCESS
195,CLOUD_LAT_READ_20260219_180840_P000005,1771524541.303966723,1771524541.387677277,.083710554,SUCCESS
196,CLOUD_LAT_READ_20260219_180840_P000006,1771524541.398384169,1771524541.485617152,.087232983,SUCCESS
197,CLOUD_LAT_READ_20260219_180840_P000007,1771524541.496659055,1771524541.584147048,.087487993,SUCCESS
198,CLOUD_LAT_READ_20260219_180840_P000008,1771524541.595240552,1771524541.683094858,.087854306,SUCCESS
199,CLOUD_LAT_READ_20260219_180840_P000009,1771524541.694101259,1771524541.781210437,.087109178,SUCCESS
200,CLOUD_LAT_READ_20260219_180840_P000010,1771524541.791852526,1771524541.878424085,.086571559,SUCCESS
201,CLOUD_LAT_READ_20260219_180840_P000001,1771524541.889413686,1771524541.975826140,.086412454,SUCCESS
202,CLOUD_LAT_READ_20260219_180840_P000002,1771524541.986538530,1771524542.072907681,.086369151,SUCCESS
203,CLOUD_LAT_READ_20260219_180840_P000003,1771524542.083128554,1771524542.171561581,.088433027,SUCCESS
204,CLOUD_LAT_READ_20260219_180840_P000004,1771524542.187917478,1771524542.273412798,.085495320,SUCCESS
205,CLOUD_LAT_READ_20260219_180840_P000005,1771524542.284295295,1771524542.368258159,.083962864,SUCCESS
206,CLOUD_LAT_READ_20260219_180840_P000006,1771524542.378662738,1771524542.461593364,.082930626,SUCCESS
207,CLOUD_LAT_READ_20260219_180840_P000007,1771524542.472306555,1771524542.556215217,.083908662,SUCCESS
208,CLOUD_LAT_READ_20260219_180840_P000008,1771524542.566682799,1771524542.651769204,.085086405,SUCCESS
209,CLOUD_LAT_READ_20260219_180840_P000009,1771524542.662573998,1771524542.749106555,.086532557,SUCCESS
210,CLOUD_LAT_READ_20260219_180840_P000010,1771524542.760249662,1771524542.851942307,.091692645,SUCCESS
211,CLOUD_LAT_READ_20260219_180840_P000001,1771524542.862558895,1771524542.946207247,.083648352,SUCCESS
212,CLOUD_LAT_READ_20260219_180840_P000002,1771524542.957309352,1771524543.044760943,.087451591,SUCCESS
213,CLOUD_LAT_READ_20260219_180840_P000003,1771524543.055634240,1771524543.142045893,.086411653,SUCCESS
214,CLOUD_LAT_READ_20260219_180840_P000004,1771524543.153025994,1771524543.240295278,.087269284,SUCCESS
215,CLOUD_LAT_READ_20260219_180840_P000005,1771524543.251255278,1771524543.339505498,.088250220,SUCCESS
216,CLOUD_LAT_READ_20260219_180840_P000006,1771524543.350693107,1771524543.438367706,.087674599,SUCCESS
217,CLOUD_LAT_READ_20260219_180840_P000007,1771524543.449349706,1771524543.536302279,.086952573,SUCCESS
218,CLOUD_LAT_READ_20260219_180840_P000008,1771524543.547192277,1771524543.635341594,.088149317,SUCCESS
219,CLOUD_LAT_READ_20260219_180840_P000009,1771524543.646239291,1771524543.732321032,.086081741,SUCCESS
220,CLOUD_LAT_READ_20260219_180840_P000010,1771524543.743341934,1771524543.828578544,.085236610,SUCCESS
221,CLOUD_LAT_READ_20260219_180840_P000001,1771524543.839530944,1771524543.926507918,.086976974,SUCCESS
222,CLOUD_LAT_READ_20260219_180840_P000002,1771524543.937353813,1771524544.022935035,.085581222,SUCCESS
223,CLOUD_LAT_READ_20260219_180840_P000003,1771524544.034031141,1771524544.120421893,.086390752,SUCCESS
224,CLOUD_LAT_READ_20260219_180840_P000004,1771524544.131343492,1771524544.218989440,.087645948,SUCCESS
225,CLOUD_LAT_READ_20260219_180840_P000005,1771524544.230223776,1771524544.317714919,.087491143,SUCCESS
226,CLOUD_LAT_READ_20260219_180840_P000006,1771524544.328833253,1771524544.416246290,.087413037,SUCCESS
227,CLOUD_LAT_READ_20260219_180840_P000007,1771524544.426879882,1771524544.508188206,.081308324,SUCCESS
228,CLOUD_LAT_READ_20260219_180840_P000008,1771524544.519151926,1771524544.606962596,.087810670,SUCCESS
229,CLOUD_LAT_READ_20260219_180840_P000009,1771524544.617866011,1771524544.705934503,.088068492,SUCCESS
230,CLOUD_LAT_READ_20260219_180840_P000010,1771524544.716851819,1771524544.803370080,.086518261,SUCCESS
231,CLOUD_LAT_READ_20260219_180840_P000001,1771524544.813848260,1771524544.900159804,.086311544,SUCCESS
232,CLOUD_LAT_READ_20260219_180840_P000002,1771524544.910823699,1771524544.997439169,.086615470,SUCCESS
233,CLOUD_LAT_READ_20260219_180840_P000003,1771524545.008503998,1771524545.095770222,.087266224,SUCCESS
234,CLOUD_LAT_READ_20260219_180840_P000004,1771524545.107024267,1771524545.189793814,.082769547,SUCCESS
235,CLOUD_LAT_READ_20260219_180840_P000005,1771524545.200580119,1771524545.287943151,.087363032,SUCCESS
236,CLOUD_LAT_READ_20260219_180840_P000006,1771524545.298827965,1771524545.386189297,.087361332,SUCCESS
237,CLOUD_LAT_READ_20260219_180840_P000007,1771524545.397177419,1771524545.485256211,.088078792,SUCCESS
238,CLOUD_LAT_READ_20260219_180840_P000008,1771524545.496153826,1771524545.583357145,.087203319,SUCCESS
239,CLOUD_LAT_READ_20260219_180840_P000009,1771524545.594496180,1771524545.682374055,.087877875,SUCCESS
240,CLOUD_LAT_READ_20260219_180840_P000010,1771524545.692934442,1771524545.779531910,.086597468,SUCCESS
241,CLOUD_LAT_READ_20260219_180840_P000001,1771524545.790637843,1771524545.876281831,.085643988,SUCCESS
242,CLOUD_LAT_READ_20260219_180840_P000002,1771524545.887099039,1771524545.973642002,.086542963,SUCCESS
243,CLOUD_LAT_READ_20260219_180840_P000003,1771524545.984919349,1771524546.072589607,.087670258,SUCCESS
244,CLOUD_LAT_READ_20260219_180840_P000004,1771524546.083577529,1771524546.174969000,.091391471,SUCCESS
245,CLOUD_LAT_READ_20260219_180840_P000005,1771524546.187404143,1771524546.274893686,.087489543,SUCCESS
246,CLOUD_LAT_READ_20260219_180840_P000006,1771524546.285898810,1771524546.372496578,.086597768,SUCCESS
247,CLOUD_LAT_READ_20260219_180840_P000007,1771524546.383588109,1771524546.469367809,.085779700,SUCCESS
248,CLOUD_LAT_READ_20260219_180840_P000008,1771524546.480266123,1771524546.568575335,.088309212,SUCCESS
249,CLOUD_LAT_READ_20260219_180840_P000009,1771524546.579712170,1771524546.668802020,.089089850,SUCCESS
250,CLOUD_LAT_READ_20260219_180840_P000010,1771524546.679697909,1771524546.766943056,.087245147,SUCCESS
251,CLOUD_LAT_READ_20260219_180840_P000001,1771524546.778258851,1771524546.866434830,.088175979,SUCCESS
252,CLOUD_LAT_READ_20260219_180840_P000002,1771524546.877393913,1771524546.965326283,.087932370,SUCCESS
253,CLOUD_LAT_READ_20260219_180840_P000003,1771524546.976207463,1771524547.063956627,.087749164,SUCCESS
254,CLOUD_LAT_READ_20260219_180840_P000004,1771524547.075168819,1771524547.162746377,.087577558,SUCCESS
255,CLOUD_LAT_READ_20260219_180840_P000005,1771524547.173800963,1771524547.259385252,.085584289,SUCCESS
256,CLOUD_LAT_READ_20260219_180840_P000006,1771524547.270213630,1771524547.359311042,.089097412,SUCCESS
257,CLOUD_LAT_READ_20260219_180840_P000007,1771524547.370070217,1771524547.454663771,.084593554,SUCCESS
258,CLOUD_LAT_READ_20260219_180840_P000008,1771524547.465436447,1771524547.551288445,.085851998,SUCCESS
259,CLOUD_LAT_READ_20260219_180840_P000009,1771524547.562417834,1771524547.649310568,.086892734,SUCCESS
260,CLOUD_LAT_READ_20260219_180840_P000010,1771524547.660301252,1771524547.747236688,.086935436,SUCCESS
261,CLOUD_LAT_READ_20260219_180840_P000001,1771524547.757853058,1771524547.846554156,.088701098,SUCCESS
262,CLOUD_LAT_READ_20260219_180840_P000002,1771524547.857374634,1771524547.946801657,.089427023,SUCCESS
263,CLOUD_LAT_READ_20260219_180840_P000003,1771524547.957371626,1771524548.043323527,.085951901,SUCCESS
264,CLOUD_LAT_READ_20260219_180840_P000004,1771524548.054283710,1771524548.138823062,.084539352,SUCCESS
265,CLOUD_LAT_READ_20260219_180840_P000005,1771524548.150064255,1771524548.236431971,.086367716,SUCCESS
266,CLOUD_LAT_READ_20260219_180840_P000006,1771524548.247290150,1771524548.332269317,.084979167,SUCCESS
267,CLOUD_LAT_READ_20260219_180840_P000007,1771524548.343173698,1771524548.431077068,.087903370,SUCCESS
268,CLOUD_LAT_READ_20260219_180840_P000008,1771524548.442081152,1771524548.529005087,.086923935,SUCCESS
269,CLOUD_LAT_READ_20260219_180840_P000009,1771524548.539539455,1771524548.625573559,.086034104,SUCCESS
270,CLOUD_LAT_READ_20260219_180840_P000010,1771524548.636620845,1771524548.718831416,.082210571,SUCCESS
271,CLOUD_LAT_READ_20260219_180840_P000001,1771524548.729435486,1771524548.823381367,.093945881,SUCCESS
272,CLOUD_LAT_READ_20260219_180840_P000002,1771524548.836013808,1771524548.928634442,.092620634,SUCCESS
273,CLOUD_LAT_READ_20260219_180840_P000003,1771524548.939890335,1771524549.028574332,.088683997,SUCCESS
274,CLOUD_LAT_READ_20260219_180840_P000004,1771524549.039403810,1771524549.125481716,.086077906,SUCCESS
275,CLOUD_LAT_READ_20260219_180840_P000005,1771524549.136945416,1771524549.225053192,.088107776,SUCCESS
276,CLOUD_LAT_READ_20260219_180840_P000006,1771524549.236175082,1771524549.322883910,.086708828,SUCCESS
277,CLOUD_LAT_READ_20260219_180840_P000007,1771524549.334098901,1771524549.422771897,.088672996,SUCCESS
278,CLOUD_LAT_READ_20260219_180840_P000008,1771524549.433963188,1771524549.521916359,.087953171,SUCCESS
279,CLOUD_LAT_READ_20260219_180840_P000009,1771524549.533255556,1771524549.621467236,.088211680,SUCCESS
280,CLOUD_LAT_READ_20260219_180840_P000010,1771524549.632709229,1771524549.720450693,.087741464,SUCCESS
281,CLOUD_LAT_READ_20260219_180840_P000001,1771524549.731546980,1771524549.818353711,.086806731,SUCCESS
282,CLOUD_LAT_READ_20260219_180840_P000002,1771524549.829507801,1771524549.914258660,.084750859,SUCCESS
283,CLOUD_LAT_READ_20260219_180840_P000003,1771524549.925200742,1771524550.009789395,.084588653,SUCCESS
284,CLOUD_LAT_READ_20260219_180840_P000004,1771524550.020762479,1771524550.108529443,.087766964,SUCCESS
285,CLOUD_LAT_READ_20260219_180840_P000005,1771524550.119245519,1771524550.203761071,.084515552,SUCCESS
286,CLOUD_LAT_READ_20260219_180840_P000006,1771524550.214306838,1771524550.298464577,.084157739,SUCCESS
287,CLOUD_LAT_READ_20260219_180840_P000007,1771524550.309385158,1771524550.393960811,.084575653,SUCCESS
288,CLOUD_LAT_READ_20260219_180840_P000008,1771524550.404917294,1771524550.490632187,.085714893,SUCCESS
289,CLOUD_LAT_READ_20260219_180840_P000009,1771524550.501578470,1771524550.585122888,.083544418,SUCCESS
290,CLOUD_LAT_READ_20260219_180840_P000010,1771524550.595803960,1771524550.681499453,.085695493,SUCCESS
291,CLOUD_LAT_READ_20260219_180840_P000001,1771524550.692684343,1771524550.777513405,.084829062,SUCCESS
292,CLOUD_LAT_READ_20260219_180840_P000002,1771524550.788118876,1771524550.872879636,.084760760,SUCCESS
293,CLOUD_LAT_READ_20260219_180840_P000003,1771524550.883598910,1771524550.970742854,.087143944,SUCCESS
294,CLOUD_LAT_READ_20260219_180840_P000004,1771524550.981833040,1771524551.069500702,.087667662,SUCCESS
295,CLOUD_LAT_READ_20260219_180840_P000005,1771524551.080405882,1771524551.166325683,.085919801,SUCCESS
296,CLOUD_LAT_READ_20260219_180840_P000006,1771524551.177570175,1771524551.264733218,.087163043,SUCCESS
297,CLOUD_LAT_READ_20260219_180840_P000007,1771524551.275596798,1771524551.360966080,.085369282,SUCCESS
298,CLOUD_LAT_READ_20260219_180840_P000008,1771524551.372031766,1771524551.458193174,.086161408,SUCCESS
299,CLOUD_LAT_READ_20260219_180840_P000009,1771524551.469296462,1771524551.553710110,.084413648,SUCCESS
300,CLOUD_LAT_READ_20260219_180840_P000010,1771524551.564965803,1771524551.653481294,.088515491,SUCCESS
301,CLOUD_LAT_READ_20260219_180840_P000001,1771524551.664155367,1771524551.750768491,.086613124,SUCCESS
302,CLOUD_LAT_READ_20260219_180840_P000002,1771524551.761415763,1771524551.848950120,.087534357,SUCCESS
303,CLOUD_LAT_READ_20260219_180840_P000003,1771524551.859947704,1771524551.944863669,.084915965,SUCCESS
304,CLOUD_LAT_READ_20260219_180840_P000004,1771524551.955799151,1771524552.041055628,.085256477,SUCCESS
305,CLOUD_LAT_READ_20260219_180840_P000005,1771524552.052155416,1771524552.138458630,.086303214,SUCCESS
306,CLOUD_LAT_READ_20260219_180840_P000006,1771524552.149547917,1771524552.238374452,.088826535,SUCCESS
307,CLOUD_LAT_READ_20260219_180840_P000007,1771524552.249663260,1771524552.337963474,.088300214,SUCCESS
308,CLOUD_LAT_READ_20260219_180840_P000008,1771524552.349144181,1771524552.436590464,.087446283,SUCCESS
309,CLOUD_LAT_READ_20260219_180840_P000009,1771524552.447430258,1771524552.534821539,.087391281,SUCCESS
310,CLOUD_LAT_READ_20260219_180840_P000010,1771524552.545837640,1771524552.634386963,.088549323,SUCCESS
311,CLOUD_LAT_READ_20260219_180840_P000001,1771524552.645414565,1771524552.730547963,.085133398,SUCCESS
312,CLOUD_LAT_READ_20260219_180840_P000002,1771524552.741732271,1771524552.834943564,.093211293,SUCCESS
313,CLOUD_LAT_READ_20260219_180840_P000003,1771524552.847074605,1771524552.928308362,.081233757,SUCCESS
314,CLOUD_LAT_READ_20260219_180840_P000004,1771524552.939094155,1771524553.023423924,.084329769,SUCCESS
315,CLOUD_LAT_READ_20260219_180840_P000005,1771524553.034183116,1771524553.118270877,.084087761,SUCCESS
316,CLOUD_LAT_READ_20260219_180840_P000006,1771524553.129412882,1771524553.213247334,.083834452,SUCCESS
317,CLOUD_LAT_READ_20260219_180840_P000007,1771524553.223670013,1771524553.308058784,.084388771,SUCCESS
318,CLOUD_LAT_READ_20260219_180840_P000008,1771524553.318993783,1771524553.404802907,.085809124,SUCCESS
319,CLOUD_LAT_READ_20260219_180840_P000009,1771524553.415570598,1771524553.501907840,.086337242,SUCCESS
320,CLOUD_LAT_READ_20260219_180840_P000010,1771524553.512338521,1771524553.608330815,.095992294,SUCCESS
321,CLOUD_LAT_READ_20260219_180840_P000001,1771524553.619108307,1771524553.703451577,.084343270,SUCCESS
322,CLOUD_LAT_READ_20260219_180840_P000002,1771524553.714103165,1771524553.799450371,.085347206,SUCCESS
323,CLOUD_LAT_READ_20260219_180840_P000003,1771524553.809929253,1771524553.892717666,.082788413,SUCCESS
324,CLOUD_LAT_READ_20260219_180840_P000004,1771524553.903583662,1771524553.985413741,.081830079,SUCCESS
325,CLOUD_LAT_READ_20260219_180840_P000005,1771524554.003957216,1771524554.090147153,.086189937,SUCCESS
326,CLOUD_LAT_READ_20260219_180840_P000006,1771524554.102759912,1771524554.187248487,.084488575,SUCCESS
327,CLOUD_LAT_READ_20260219_180840_P000007,1771524554.197964378,1771524554.285431462,.087467084,SUCCESS
328,CLOUD_LAT_READ_20260219_180840_P000008,1771524554.296652170,1771524554.383828044,.087175874,SUCCESS
329,CLOUD_LAT_READ_20260219_180840_P000009,1771524554.394602835,1771524554.480880975,.086278140,SUCCESS
330,CLOUD_LAT_READ_20260219_180840_P000010,1771524554.491612966,1771524554.578583932,.086970966,SUCCESS
331,CLOUD_LAT_READ_20260219_180840_P000001,1771524554.589604033,1771524554.681628982,.092024949,SUCCESS
332,CLOUD_LAT_READ_20260219_180840_P000002,1771524554.692405275,1771524554.779468644,.087063369,SUCCESS
333,CLOUD_LAT_READ_20260219_180840_P000003,1771524554.790510846,1771524554.882475994,.091965148,SUCCESS
334,CLOUD_LAT_READ_20260219_180840_P000004,1771524554.893691402,1771524554.983486871,.089795469,SUCCESS
335,CLOUD_LAT_READ_20260219_180840_P000005,1771524554.994648477,1771524555.083991929,.089343452,SUCCESS
336,CLOUD_LAT_READ_20260219_180840_P000006,1771524555.095346342,1771524555.190665011,.095318669,SUCCESS
337,CLOUD_LAT_READ_20260219_180840_P000007,1771524555.203895693,1771524555.288670679,.084774986,SUCCESS
338,CLOUD_LAT_READ_20260219_180840_P000008,1771524555.299565476,1771524555.385681611,.086116135,SUCCESS
339,CLOUD_LAT_READ_20260219_180840_P000009,1771524555.396797815,1771524555.483577473,.086779658,SUCCESS
340,CLOUD_LAT_READ_20260219_180840_P000010,1771524555.494094057,1771524555.580280795,.086186738,SUCCESS
341,CLOUD_LAT_READ_20260219_180840_P000001,1771524555.591018085,1771524555.677471132,.086453047,SUCCESS
342,CLOUD_LAT_READ_20260219_180840_P000002,1771524555.688088718,1771524555.775699307,.087610589,SUCCESS
343,CLOUD_LAT_READ_20260219_180840_P000003,1771524555.786593504,1771524555.871074679,.084481175,SUCCESS
344,CLOUD_LAT_READ_20260219_180840_P000004,1771524555.882003376,1771524555.970318990,.088315614,SUCCESS
345,CLOUD_LAT_READ_20260219_180840_P000005,1771524555.981386794,1771524556.067288220,.085901426,SUCCESS
346,CLOUD_LAT_READ_20260219_180840_P000006,1771524556.077988110,1771524556.162474585,.084486475,SUCCESS
347,CLOUD_LAT_READ_20260219_180840_P000007,1771524556.172874364,1771524556.259216307,.086341943,SUCCESS
348,CLOUD_LAT_READ_20260219_180840_P000008,1771524556.270140205,1771524556.356030731,.085890526,SUCCESS
349,CLOUD_LAT_READ_20260219_180840_P000009,1771524556.366583115,1771524556.454689922,.088106807,SUCCESS
350,CLOUD_LAT_READ_20260219_180840_P000010,1771524556.465602919,1771524556.551763455,.086160536,SUCCESS
351,CLOUD_LAT_READ_20260219_180840_P000001,1771524556.562820958,1771524556.649577416,.086756458,SUCCESS
352,CLOUD_LAT_READ_20260219_180840_P000002,1771524556.660370509,1771524556.745120994,.084750485,SUCCESS
353,CLOUD_LAT_READ_20260219_180840_P000003,1771524556.756078493,1771524556.844844124,.088765631,SUCCESS
354,CLOUD_LAT_READ_20260219_180840_P000004,1771524556.855560214,1771524556.940966923,.085406709,SUCCESS
355,CLOUD_LAT_READ_20260219_180840_P000005,1771524556.952240933,1771524557.040123332,.087882399,SUCCESS
356,CLOUD_LAT_READ_20260219_180840_P000006,1771524557.051203235,1771524557.136726648,.085523413,SUCCESS
357,CLOUD_LAT_READ_20260219_180840_P000007,1771524557.147669747,1771524557.234466807,.086797060,SUCCESS
358,CLOUD_LAT_READ_20260219_180840_P000008,1771524557.245175096,1771524557.332592778,.087417682,SUCCESS
359,CLOUD_LAT_READ_20260219_180840_P000009,1771524557.344312304,1771524557.430953657,.086641353,SUCCESS
360,CLOUD_LAT_READ_20260219_180840_P000010,1771524557.441761652,1771524557.530097668,.088336016,SUCCESS
361,CLOUD_LAT_READ_20260219_180840_P000001,1771524557.541195671,1771524557.625859453,.084663782,SUCCESS
362,CLOUD_LAT_READ_20260219_180840_P000002,1771524557.637326670,1771524557.722726979,.085400309,SUCCESS
363,CLOUD_LAT_READ_20260219_180840_P000003,1771524557.734125594,1771524557.819543703,.085418109,SUCCESS
364,CLOUD_LAT_READ_20260219_180840_P000004,1771524557.830487601,1771524557.914892673,.084405072,SUCCESS
365,CLOUD_LAT_READ_20260219_180840_P000005,1771524557.925534261,1771524558.010746663,.085212402,SUCCESS
366,CLOUD_LAT_READ_20260219_180840_P000006,1771524558.020867331,1771524558.104679582,.083812251,SUCCESS
367,CLOUD_LAT_READ_20260219_180840_P000007,1771524558.115002757,1771524558.196484223,.081481466,SUCCESS
368,CLOUD_LAT_READ_20260219_180840_P000008,1771524558.207254715,1771524558.288504872,.081250157,SUCCESS
369,CLOUD_LAT_READ_20260219_180840_P000009,1771524558.299870587,1771524558.388565015,.088694428,SUCCESS
370,CLOUD_LAT_READ_20260219_180840_P000010,1771524558.399515514,1771524558.485453042,.085937528,SUCCESS
371,CLOUD_LAT_READ_20260219_180840_P000001,1771524558.496267435,1771524558.582614978,.086347543,SUCCESS
372,CLOUD_LAT_READ_20260219_180840_P000002,1771524558.593510675,1771524558.679536906,.086026231,SUCCESS
373,CLOUD_LAT_READ_20260219_180840_P000003,1771524558.689768379,1771524558.775359294,.085590915,SUCCESS
374,CLOUD_LAT_READ_20260219_180840_P000004,1771524558.785984481,1771524558.872354125,.086369644,SUCCESS
375,CLOUD_LAT_READ_20260219_180840_P000005,1771524558.882982012,1771524558.966971970,.083989958,SUCCESS
376,CLOUD_LAT_READ_20260219_180840_P000006,1771524558.978581892,1771524559.066724600,.088142708,SUCCESS
377,CLOUD_LAT_READ_20260219_180840_P000007,1771524559.077645298,1771524559.164303952,.086658654,SUCCESS
378,CLOUD_LAT_READ_20260219_180840_P000008,1771524559.175004641,1771524559.258244271,.083239630,SUCCESS
379,CLOUD_LAT_READ_20260219_180840_P000009,1771524559.269004963,1771524559.351462464,.082457501,SUCCESS
380,CLOUD_LAT_READ_20260219_180840_P000010,1771524559.362023049,1771524559.450323863,.088300814,SUCCESS
381,CLOUD_LAT_READ_20260219_180840_P000001,1771524559.460997752,1771524559.548789348,.087791596,SUCCESS
382,CLOUD_LAT_READ_20260219_180840_P000002,1771524559.559834649,1771524559.647509441,.087674792,SUCCESS
383,CLOUD_LAT_READ_20260219_180840_P000003,1771524559.658491240,1771524559.743491834,.085000594,SUCCESS
384,CLOUD_LAT_READ_20260219_180840_P000004,1771524559.754123021,1771524559.835571286,.081448265,SUCCESS
385,CLOUD_LAT_READ_20260219_180840_P000005,1771524559.846549686,1771524559.930671948,.084122262,SUCCESS
386,CLOUD_LAT_READ_20260219_180840_P000006,1771524559.941129428,1771524560.024508763,.083379335,SUCCESS
387,CLOUD_LAT_READ_20260219_180840_P000007,1771524560.035517964,1771524560.120782268,.085264304,SUCCESS
388,CLOUD_LAT_READ_20260219_180840_P000008,1771524560.131991976,1771524560.216835464,.084843488,SUCCESS
389,CLOUD_LAT_READ_20260219_180840_P000009,1771524560.227271644,1771524560.312190653,.084919009,SUCCESS
390,CLOUD_LAT_READ_20260219_180840_P000010,1771524560.323093865,1771524560.408914809,.085820944,SUCCESS
391,CLOUD_LAT_READ_20260219_180840_P000001,1771524560.419489508,1771524560.503212772,.083723264,SUCCESS
392,CLOUD_LAT_READ_20260219_180840_P000002,1771524560.513980779,1771524560.596124883,.082144104,SUCCESS
393,CLOUD_LAT_READ_20260219_180840_P000003,1771524560.607171901,1771524560.692709333,.085537432,SUCCESS
394,CLOUD_LAT_READ_20260219_180840_P000004,1771524560.703977459,1771524560.791456665,.087479206,SUCCESS
395,CLOUD_LAT_READ_20260219_180840_P000005,1771524560.802616987,1771524560.893764431,.091147444,SUCCESS
396,CLOUD_LAT_READ_20260219_180840_P000006,1771524560.907404147,1771524560.998851403,.091447256,SUCCESS
397,CLOUD_LAT_READ_20260219_180840_P000007,1771524561.012838132,1771524561.100367340,.087529208,SUCCESS
398,CLOUD_LAT_READ_20260219_180840_P000008,1771524561.110890237,1771524561.195461033,.084570796,SUCCESS
399,CLOUD_LAT_READ_20260219_180840_P000009,1771524561.206088935,1771524561.290919441,.084830506,SUCCESS
400,CLOUD_LAT_READ_20260219_180840_P000010,1771524561.301964758,1771524561.401964738,.099999980,SUCCESS
401,CLOUD_LAT_READ_20260219_180840_P000001,1771524561.413058157,1771524561.497642154,.084583997,SUCCESS
402,CLOUD_LAT_READ_20260219_180840_P000002,1771524561.508191652,1771524561.593471875,.085280223,SUCCESS
403,CLOUD_LAT_READ_20260219_180840_P000003,1771524561.604629397,1771524561.689140891,.084511494,SUCCESS
404,CLOUD_LAT_READ_20260219_180840_P000004,1771524561.700118005,1771524561.784702602,.084584597,SUCCESS
405,CLOUD_LAT_READ_20260219_180840_P000005,1771524561.795774620,1771524561.889145649,.093371029,SUCCESS
406,CLOUD_LAT_READ_20260219_180840_P000006,1771524561.900159265,1771524561.986412725,.086253460,SUCCESS
407,CLOUD_LAT_READ_20260219_180840_P000007,1771524561.997091828,1771524562.080784091,.083692263,SUCCESS
408,CLOUD_LAT_READ_20260219_180840_P000008,1771524562.091573599,1771524562.177625351,.086051752,SUCCESS
409,CLOUD_LAT_READ_20260219_180840_P000009,1771524562.188361257,1771524562.275331544,.086970287,SUCCESS
410,CLOUD_LAT_READ_20260219_180840_P000010,1771524562.291307547,1771524562.379976398,.088668851,SUCCESS
411,CLOUD_LAT_READ_20260219_180840_P000001,1771524562.390805608,1771524562.477453482,.086647874,SUCCESS
412,CLOUD_LAT_READ_20260219_180840_P000002,1771524562.488762310,1771524562.578326995,.089564685,SUCCESS
413,CLOUD_LAT_READ_20260219_180840_P000003,1771524562.589359711,1771524562.675003047,.085643336,SUCCESS
414,CLOUD_LAT_READ_20260219_180840_P000004,1771524562.685844158,1771524562.770514158,.084670000,SUCCESS
415,CLOUD_LAT_READ_20260219_180840_P000005,1771524562.781560375,1771524562.864985228,.083424853,SUCCESS
416,CLOUD_LAT_READ_20260219_180840_P000006,1771524562.875572428,1771524562.961591378,.086018950,SUCCESS
417,CLOUD_LAT_READ_20260219_180840_P000007,1771524562.972421888,1771524563.058728649,.086306761,SUCCESS
418,CLOUD_LAT_READ_20260219_180840_P000008,1771524563.069940873,1771524563.156937361,.086996488,SUCCESS
419,CLOUD_LAT_READ_20260219_180840_P000009,1771524563.167910776,1771524563.253982429,.086071653,SUCCESS
420,CLOUD_LAT_READ_20260219_180840_P000010,1771524563.265553666,1771524563.353301082,.087747416,SUCCESS
421,CLOUD_LAT_READ_20260219_180840_P000001,1771524563.364198894,1771524563.453536370,.089337476,SUCCESS
422,CLOUD_LAT_READ_20260219_180840_P000002,1771524563.464609489,1771524563.551962790,.087353301,SUCCESS
423,CLOUD_LAT_READ_20260219_180840_P000003,1771524563.563023508,1771524563.649020658,.085997150,SUCCESS
424,CLOUD_LAT_READ_20260219_180840_P000004,1771524563.659920970,1771524563.745905219,.085984249,SUCCESS
425,CLOUD_LAT_READ_20260219_180840_P000005,1771524563.756630025,1771524563.842805482,.086175457,SUCCESS
426,CLOUD_LAT_READ_20260219_180840_P000006,1771524563.853610990,1771524563.940256364,.086645374,SUCCESS
427,CLOUD_LAT_READ_20260219_180840_P000007,1771524563.951336683,1771524564.037537841,.086201158,SUCCESS
428,CLOUD_LAT_READ_20260219_180840_P000008,1771524564.048513955,1771524564.134314197,.085800242,SUCCESS
429,CLOUD_LAT_READ_20260219_180840_P000009,1771524564.145510321,1771524564.231728879,.086218558,SUCCESS
430,CLOUD_LAT_READ_20260219_180840_P000010,1771524564.242647892,1771524564.330999431,.088351539,SUCCESS
431,CLOUD_LAT_READ_20260219_180840_P000001,1771524564.342158553,1771524564.429993573,.087835020,SUCCESS
432,CLOUD_LAT_READ_20260219_180840_P000002,1771524564.440863083,1771524564.525721290,.084858207,SUCCESS
433,CLOUD_LAT_READ_20260219_180840_P000003,1771524564.536253288,1771524564.621549911,.085296623,SUCCESS
434,CLOUD_LAT_READ_20260219_180840_P000004,1771524564.632698333,1771524564.719497614,.086799281,SUCCESS
435,CLOUD_LAT_READ_20260219_180840_P000005,1771524564.730257420,1771524564.817131903,.086874483,SUCCESS
436,CLOUD_LAT_READ_20260219_180840_P000006,1771524564.828271024,1771524564.919906787,.091635763,SUCCESS
437,CLOUD_LAT_READ_20260219_180840_P000007,1771524564.931123011,1771524565.019601554,.088478543,SUCCESS
438,CLOUD_LAT_READ_20260219_180840_P000008,1771524565.031305997,1771524565.119197219,.087891222,SUCCESS
439,CLOUD_LAT_READ_20260219_180840_P000009,1771524565.130702753,1771524565.216645601,.085942848,SUCCESS
440,CLOUD_LAT_READ_20260219_180840_P000010,1771524565.227528513,1771524565.312274916,.084746403,SUCCESS
441,CLOUD_LAT_READ_20260219_180840_P000001,1771524565.323383635,1771524565.409657196,.086273561,SUCCESS
442,CLOUD_LAT_READ_20260219_180840_P000002,1771524565.420770915,1771524565.508338124,.087567209,SUCCESS
443,CLOUD_LAT_READ_20260219_180840_P000003,1771524565.519350441,1771524565.604528060,.085177619,SUCCESS
444,CLOUD_LAT_READ_20260219_180840_P000004,1771524565.615625179,1771524565.702025644,.086400465,SUCCESS
445,CLOUD_LAT_READ_20260219_180840_P000005,1771524565.712929157,1771524565.795743687,.082814530,SUCCESS
446,CLOUD_LAT_READ_20260219_180840_P000006,1771524565.806721101,1771524565.892360437,.085639336,SUCCESS
447,CLOUD_LAT_READ_20260219_180840_P000007,1771524565.903846672,1771524565.990912262,.087065590,SUCCESS
448,CLOUD_LAT_READ_20260219_180840_P000008,1771524566.001893877,1771524566.090369620,.088475743,SUCCESS
449,CLOUD_LAT_READ_20260219_180840_P000009,1771524566.101358736,1771524566.189447166,.088088430,SUCCESS
450,CLOUD_LAT_READ_20260219_180840_P000010,1771524566.200664589,1771524566.287631976,.086967387,SUCCESS
451,CLOUD_LAT_READ_20260219_180840_P000001,1771524566.298654292,1771524566.386474111,.087819819,SUCCESS
452,CLOUD_LAT_READ_20260219_180840_P000002,1771524566.397548430,1771524566.485019336,.087470906,SUCCESS
453,CLOUD_LAT_READ_20260219_180840_P000003,1771524566.496148456,1771524566.584742904,.088594448,SUCCESS
454,CLOUD_LAT_READ_20260219_180840_P000004,1771524566.595720019,1771524566.683545038,.087825019,SUCCESS
455,CLOUD_LAT_READ_20260219_180840_P000005,1771524566.694932368,1771524566.781613644,.086681276,SUCCESS
456,CLOUD_LAT_READ_20260219_180840_P000006,1771524566.792521756,1771524566.880612485,.088090729,SUCCESS
457,CLOUD_LAT_READ_20260219_180840_P000007,1771524566.894151497,1771524566.984624916,.090473419,SUCCESS
458,CLOUD_LAT_READ_20260219_180840_P000008,1771524566.996881880,1771524567.085414626,.088532746,SUCCESS
459,CLOUD_LAT_READ_20260219_180840_P000009,1771524567.096434242,1771524567.184464669,.088030427,SUCCESS
460,CLOUD_LAT_READ_20260219_180840_P000010,1771524567.195505286,1771524567.283411008,.087905722,SUCCESS
461,CLOUD_LAT_READ_20260219_180840_P000001,1771524567.294206316,1771524567.379654146,.085447830,SUCCESS
462,CLOUD_LAT_READ_20260219_180840_P000002,1771524567.390386951,1771524567.476141091,.085754140,SUCCESS
463,CLOUD_LAT_READ_20260219_180840_P000003,1771524567.487008702,1771524567.573324564,.086315862,SUCCESS
464,CLOUD_LAT_READ_20260219_180840_P000004,1771524567.584268278,1771524567.672375308,.088107030,SUCCESS
465,CLOUD_LAT_READ_20260219_180840_P000005,1771524567.683521229,1771524567.770929732,.087408503,SUCCESS
466,CLOUD_LAT_READ_20260219_180840_P000006,1771524567.782259960,1771524567.871974050,.089714090,SUCCESS
467,CLOUD_LAT_READ_20260219_180840_P000007,1771524567.883242377,1771524567.971570815,.088328438,SUCCESS
468,CLOUD_LAT_READ_20260219_180840_P000008,1771524567.982352722,1771524568.065815076,.083462354,SUCCESS
469,CLOUD_LAT_READ_20260219_180840_P000009,1771524568.076991699,1771524568.165961661,.088969962,SUCCESS
470,CLOUD_LAT_READ_20260219_180840_P000010,1771524568.179908888,1771524568.264885528,.084976640,SUCCESS
471,CLOUD_LAT_READ_20260219_180840_P000001,1771524568.275782748,1771524568.361811778,.086029030,SUCCESS
472,CLOUD_LAT_READ_20260219_180840_P000002,1771524568.372895807,1771524568.460627103,.087731296,SUCCESS
473,CLOUD_LAT_READ_20260219_180840_P000003,1771524568.471700131,1771524568.555393770,.083693639,SUCCESS
474,CLOUD_LAT_READ_20260219_180840_P000004,1771524568.566714209,1771524568.651986909,.085272700,SUCCESS
475,CLOUD_LAT_READ_20260219_180840_P000005,1771524568.662413913,1771524568.746922084,.084508171,SUCCESS
476,CLOUD_LAT_READ_20260219_180840_P000006,1771524568.757719802,1771524568.842089868,.084370066,SUCCESS
477,CLOUD_LAT_READ_20260219_180840_P000007,1771524568.852766781,1771524568.937409557,.084642776,SUCCESS
478,CLOUD_LAT_READ_20260219_180840_P000008,1771524568.948335180,1771524569.037441429,.089106249,SUCCESS
479,CLOUD_LAT_READ_20260219_180840_P000009,1771524569.048595961,1771524569.136909779,.088313818,SUCCESS
480,CLOUD_LAT_READ_20260219_180840_P000010,1771524569.147965607,1771524569.237079656,.089114049,SUCCESS
481,CLOUD_LAT_READ_20260219_180840_P000001,1771524569.247806671,1771524569.333618392,.085811721,SUCCESS
482,CLOUD_LAT_READ_20260219_180840_P000002,1771524569.344319307,1771524569.432589623,.088270316,SUCCESS
483,CLOUD_LAT_READ_20260219_180840_P000003,1771524569.443767956,1771524569.531516752,.087748796,SUCCESS
484,CLOUD_LAT_READ_20260219_180840_P000004,1771524569.542767588,1771524569.630414581,.087646993,SUCCESS
485,CLOUD_LAT_READ_20260219_180840_P000005,1771524569.641358704,1771524569.727308531,.085949827,SUCCESS
486,CLOUD_LAT_READ_20260219_180840_P000006,1771524569.738324958,1771524569.825236922,.086911964,SUCCESS
487,CLOUD_LAT_READ_20260219_180840_P000007,1771524569.836735467,1771524569.922365882,.085630415,SUCCESS
488,CLOUD_LAT_READ_20260219_180840_P000008,1771524569.933210001,1771524570.018694810,.085484809,SUCCESS
489,CLOUD_LAT_READ_20260219_180840_P000009,1771524570.029538729,1771524570.114967435,.085428706,SUCCESS
490,CLOUD_LAT_READ_20260219_180840_P000010,1771524570.126612887,1771524570.211774283,.085161396,SUCCESS
491,CLOUD_LAT_READ_20260219_180840_P000001,1771524570.222777209,1771524570.308137513,.085360304,SUCCESS
492,CLOUD_LAT_READ_20260219_180840_P000002,1771524570.318815826,1771524570.404009923,.085194097,SUCCESS
493,CLOUD_LAT_READ_20260219_180840_P000003,1771524570.414757140,1771524570.501505698,.086748558,SUCCESS
494,CLOUD_LAT_READ_20260219_180840_P000004,1771524570.512185711,1771524570.597913529,.085727818,SUCCESS
495,CLOUD_LAT_READ_20260219_180840_P000005,1771524570.608547341,1771524570.692791402,.084244061,SUCCESS
496,CLOUD_LAT_READ_20260219_180840_P000006,1771524570.703990135,1771524570.790867997,.086877862,SUCCESS
497,CLOUD_LAT_READ_20260219_180840_P000007,1771524570.801866123,1771524570.886572302,.084706179,SUCCESS
498,CLOUD_LAT_READ_20260219_180840_P000008,1771524570.897586828,1771524570.985489230,.087902402,SUCCESS
499,CLOUD_LAT_READ_20260219_180840_P000009,1771524570.996778768,1771524571.084704071,.087925303,SUCCESS
500,CLOUD_LAT_READ_20260219_180840_P000010,1771524571.095789900,1771524571.182180144,.086390244,SUCCESS
