Transaction_ID,Patient_ID,Operation,Start_Time,End_Time,Latency_Seconds,Status
1,CLOUD_LAT_CNS_20260219_181204_P000001,GRANT,1771524725.001735712,1771524725.113734548,.111998836,SUCCESS
2,CLOUD_LAT_CNS_20260219_181204_P000002,REVOKE,1771524725.230694549,1771524725.337241102,.106546553,SUCCESS
3,CLOUD_LAT_CNS_20260219_181204_P000003,GRANT,1771524725.454717621,1771524725.573752991,.119035370,SUCCESS
4,CLOUD_LAT_CNS_20260219_181204_P000004,REVOKE,1771524725.688293711,1771524725.799899733,.111606022,SUCCESS
5,CLOUD_LAT_CNS_20260219_181204_P000005,GRANT,1771524725.915231680,1771524726.026803002,.111571322,SUCCESS
6,CLOUD_LAT_CNS_20260219_181204_P000001,REVOKE,1771524726.141034811,1771524726.248798605,.107763794,SUCCESS
7,CLOUD_LAT_CNS_20260219_181204_P000002,GRANT,1771524726.363158063,1771524726.485505150,.122347087,SUCCESS
8,CLOUD_LAT_CNS_20260219_181204_P000003,REVOKE,1771524726.599992155,1771524726.702467430,.102475275,SUCCESS
9,CLOUD_LAT_CNS_20260219_181204_P000004,GRANT,1771524726.818225680,1771524726.925311919,.107086239,SUCCESS
10,CLOUD_LAT_CNS_20260219_181204_P000005,REVOKE,1771524727.039956830,1771524727.146333944,.106377114,SUCCESS
11,CLOUD_LAT_CNS_20260219_181204_P000001,GRANT,1771524727.260231228,1771524727.375246352,.115015124,SUCCESS
12,CLOUD_LAT_CNS_20260219_181204_P000002,REVOKE,1771524727.491068304,1771524727.606087528,.115019224,SUCCESS
13,CLOUD_LAT_CNS_20260219_181204_P000003,GRANT,1771524727.721535867,1771524727.837534526,.115998659,SUCCESS
14,CLOUD_LAT_CNS_20260219_181204_P000004,REVOKE,1771524727.954717328,1771524728.069441741,.114724413,SUCCESS
15,CLOUD_LAT_CNS_20260219_181204_P000005,GRANT,1771524728.187229865,1771524728.336516418,.149286553,SUCCESS
16,CLOUD_LAT_CNS_20260219_181204_P000001,REVOKE,1771524728.455979702,1771524728.557407250,.101427548,SUCCESS
17,CLOUD_LAT_CNS_20260219_181204_P000002,GRANT,1771524728.671842566,1771524728.779477338,.107634772,SUCCESS
18,CLOUD_LAT_CNS_20260219_181204_P000003,REVOKE,1771524728.893274631,1771524728.994682378,.101407747,SUCCESS
19,CLOUD_LAT_CNS_20260219_181204_P000004,GRANT,1771524729.110483644,1771524729.227994471,.117510827,SUCCESS
20,CLOUD_LAT_CNS_20260219_181204_P000005,REVOKE,1771524729.344273853,1771524729.452158033,.107884180,SUCCESS
21,CLOUD_LAT_CNS_20260219_181204_P000001,GRANT,1771524729.566567748,1771524729.680920961,.114353213,SUCCESS
22,CLOUD_LAT_CNS_20260219_181204_P000002,REVOKE,1771524729.794415244,1771524729.897897166,.103481922,SUCCESS
23,CLOUD_LAT_CNS_20260219_181204_P000003,GRANT,1771524730.011648657,1771524730.127015607,.115366950,SUCCESS
24,CLOUD_LAT_CNS_20260219_181204_P000004,REVOKE,1771524730.240607293,1771524730.345497966,.104890673,SUCCESS
25,CLOUD_LAT_CNS_20260219_181204_P000005,GRANT,1771524730.460686909,1771524730.568053871,.107366962,SUCCESS
26,CLOUD_LAT_CNS_20260219_181204_P000001,REVOKE,1771524730.682983004,1771524730.787452762,.104469758,SUCCESS
27,CLOUD_LAT_CNS_20260219_181204_P000002,GRANT,1771524730.900733636,1771524731.010642189,.109908553,SUCCESS
28,CLOUD_LAT_CNS_20260219_181204_P000003,REVOKE,1771524731.123826161,1771524731.236716622,.112890461,SUCCESS
29,CLOUD_LAT_CNS_20260219_181204_P000004,GRANT,1771524731.351228640,1771524731.467321916,.116093276,SUCCESS
30,CLOUD_LAT_CNS_20260219_181204_P000005,REVOKE,1771524731.587995956,1771524731.698234721,.110238765,SUCCESS
31,CLOUD_LAT_CNS_20260219_181204_P000001,GRANT,1771524731.815513940,1771524731.928329798,.112815858,SUCCESS
32,CLOUD_LAT_CNS_20260219_181204_P000002,REVOKE,1771524732.043628145,1771524732.154527833,.110899688,SUCCESS
33,CLOUD_LAT_CNS_20260219_181204_P000003,GRANT,1771524732.270103591,1771524732.425299173,.155195582,SUCCESS
34,CLOUD_LAT_CNS_20260219_181204_P000004,REVOKE,1771524732.545840909,1771524732.658447159,.112606250,SUCCESS
35,CLOUD_LAT_CNS_20260219_181204_P000005,GRANT,1771524732.772942377,1771524732.885255416,.112313039,SUCCESS
36,CLOUD_LAT_CNS_20260219_181204_P000001,REVOKE,1771524732.999300619,1771524733.114281754,.114981135,SUCCESS
37,CLOUD_LAT_CNS_20260219_181204_P000002,GRANT,1771524733.229606003,1771524733.349610519,.120004516,SUCCESS
38,CLOUD_LAT_CNS_20260219_181204_P000003,REVOKE,1771524733.465234378,1771524733.581656766,.116422388,SUCCESS
39,CLOUD_LAT_CNS_20260219_181204_P000004,GRANT,1771524733.697592835,1771524733.805487716,.107894881,SUCCESS
40,CLOUD_LAT_CNS_20260219_181204_P000005,REVOKE,1771524733.922316218,1771524734.027375897,.105059679,SUCCESS
41,CLOUD_LAT_CNS_20260219_181204_P000001,GRANT,1771524734.143730682,1771524734.258604214,.114873532,SUCCESS
42,CLOUD_LAT_CNS_20260219_181204_P000002,REVOKE,1771524734.374199072,1771524734.509191227,.134992155,SUCCESS
43,CLOUD_LAT_CNS_20260219_181204_P000003,GRANT,1771524734.624667381,1771524734.749886585,.125219204,SUCCESS
44,CLOUD_LAT_CNS_20260219_181204_P000004,REVOKE,1771524734.868760961,1771524734.976255628,.107494667,SUCCESS
45,CLOUD_LAT_CNS_20260219_181204_P000005,GRANT,1771524735.090085521,1771524735.204297530,.114212009,SUCCESS
46,CLOUD_LAT_CNS_20260219_181204_P000001,REVOKE,1771524735.318892051,1771524735.427056342,.108164291,SUCCESS
47,CLOUD_LAT_CNS_20260219_181204_P000002,GRANT,1771524735.541694265,1771524735.660178326,.118484061,SUCCESS
48,CLOUD_LAT_CNS_20260219_181204_P000003,REVOKE,1771524735.774612643,1771524735.879762725,.105150082,SUCCESS
49,CLOUD_LAT_CNS_20260219_181204_P000004,GRANT,1771524735.993272308,1771524736.114028552,.120756244,SUCCESS
50,CLOUD_LAT_CNS_20260219_181204_P000005,REVOKE,1771524736.228341563,1771524736.335265709,.106924146,SUCCESS
51,CLOUD_LAT_CNS_20260219_181204_P000001,GRANT,1771524736.449472717,1771524736.590310944,.140838227,SUCCESS
52,CLOUD_LAT_CNS_20260219_181204_P000002,REVOKE,1771524736.703915297,1771524736.811967453,.108052156,SUCCESS
53,CLOUD_LAT_CNS_20260219_181204_P000003,GRANT,1771524736.927102461,1771524737.041302335,.114199874,SUCCESS
54,CLOUD_LAT_CNS_20260219_181204_P000004,REVOKE,1771524737.157389378,1771524737.267824819,.110435441,SUCCESS
55,CLOUD_LAT_CNS_20260219_181204_P000005,GRANT,1771524737.385327611,1771524737.495709849,.110382238,SUCCESS
56,CLOUD_LAT_CNS_20260219_181204_P000001,REVOKE,1771524737.610726953,1771524737.714633361,.103906408,SUCCESS
57,CLOUD_LAT_CNS_20260219_181204_P000002,GRANT,1771524737.828766933,1771524737.943424024,.114657091,SUCCESS
58,CLOUD_LAT_CNS_20260219_181204_P000003,REVOKE,1771524738.063708816,1771524738.170065911,.106357095,SUCCESS
59,CLOUD_LAT_CNS_20260219_181204_P000004,GRANT,1771524738.286055050,1771524738.397910941,.111855891,SUCCESS
60,CLOUD_LAT_CNS_20260219_181204_P000005,REVOKE,1771524738.517224598,1771524738.668889009,.151664411,SUCCESS
61,CLOUD_LAT_CNS_20260219_181204_P000001,GRANT,1771524738.784058219,1771524738.901323303,.117265084,SUCCESS
62,CLOUD_LAT_CNS_20260219_181204_P000002,REVOKE,1771524739.016133200,1771524739.123733739,.107600539,SUCCESS
63,CLOUD_LAT_CNS_20260219_181204_P000003,GRANT,1771524739.238610938,1771524739.352968819,.114357881,SUCCESS
64,CLOUD_LAT_CNS_20260219_181204_P000004,REVOKE,1771524739.467253196,1771524739.575951474,.108698278,SUCCESS
65,CLOUD_LAT_CNS_20260219_181204_P000005,GRANT,1771524739.691711905,1771524739.809081093,.117369188,SUCCESS
66,CLOUD_LAT_CNS_20260219_181204_P000001,REVOKE,1771524739.926162271,1771524740.032496765,.106334494,SUCCESS
67,CLOUD_LAT_CNS_20260219_181204_P000002,GRANT,1771524740.150460574,1771524740.259960581,.109500007,SUCCESS
68,CLOUD_LAT_CNS_20260219_181204_P000003,REVOKE,1771524740.375132991,1771524740.496529523,.121396532,SUCCESS
69,CLOUD_LAT_CNS_20260219_181204_P000004,GRANT,1771524740.611190213,1771524740.751069304,.139879091,SUCCESS
70,CLOUD_LAT_CNS_20260219_181204_P000005,REVOKE,1771524740.866074008,1771524740.978105505,.112031497,SUCCESS
71,CLOUD_LAT_CNS_20260219_181204_P000001,GRANT,1771524741.092127874,1771524741.204651188,.112523314,SUCCESS
72,CLOUD_LAT_CNS_20260219_181204_P000002,REVOKE,1771524741.320159910,1771524741.426685211,.106525301,SUCCESS
73,CLOUD_LAT_CNS_20260219_181204_P000003,GRANT,1771524741.543397376,1771524741.669332769,.125935393,SUCCESS
74,CLOUD_LAT_CNS_20260219_181204_P000004,REVOKE,1771524741.785300007,1771524741.890155148,.104855141,SUCCESS
75,CLOUD_LAT_CNS_20260219_181204_P000005,GRANT,1771524742.004966745,1771524742.115495689,.110528944,SUCCESS
76,CLOUD_LAT_CNS_20260219_181204_P000001,REVOKE,1771524742.230313586,1771524742.336810186,.106496600,SUCCESS
77,CLOUD_LAT_CNS_20260219_181204_P000002,GRANT,1771524742.451696485,1771524742.565198235,.113501750,SUCCESS
78,CLOUD_LAT_CNS_20260219_181204_P000003,REVOKE,1771524742.680073634,1771524742.841565096,.161491462,SUCCESS
79,CLOUD_LAT_CNS_20260219_181204_P000004,GRANT,1771524742.958555670,1771524743.079828898,.121273228,SUCCESS
80,CLOUD_LAT_CNS_20260219_181204_P000005,REVOKE,1771524743.196188749,1771524743.297959281,.101770532,SUCCESS
81,CLOUD_LAT_CNS_20260219_181204_P000001,GRANT,1771524743.412381763,1771524743.537594831,.125213068,SUCCESS
82,CLOUD_LAT_CNS_20260219_181204_P000002,REVOKE,1771524743.653390863,1771524743.762991274,.109600411,SUCCESS
83,CLOUD_LAT_CNS_20260219_181204_P000003,GRANT,1771524743.879244121,1771524743.995385765,.116141644,SUCCESS
84,CLOUD_LAT_CNS_20260219_181204_P000004,REVOKE,1771524744.111651714,1771524744.218160214,.106508500,SUCCESS
85,CLOUD_LAT_CNS_20260219_181204_P000005,GRANT,1771524744.336165425,1771524744.444238781,.108073356,SUCCESS
86,CLOUD_LAT_CNS_20260219_181204_P000001,REVOKE,1771524744.558343399,1771524744.661077716,.102734317,SUCCESS
87,CLOUD_LAT_CNS_20260219_181204_P000002,GRANT,1771524744.774750128,1771524744.930985681,.156235553,SUCCESS
88,CLOUD_LAT_CNS_20260219_181204_P000003,REVOKE,1771524745.046003542,1771524745.152576698,.106573156,SUCCESS
89,CLOUD_LAT_CNS_20260219_181204_P000004,GRANT,1771524745.267209845,1771524745.374793438,.107583593,SUCCESS
90,CLOUD_LAT_CNS_20260219_181204_P000005,REVOKE,1771524745.489391884,1771524745.606024404,.116632520,SUCCESS
91,CLOUD_LAT_CNS_20260219_181204_P000001,GRANT,1771524745.721632086,1771524745.837103864,.115471778,SUCCESS
92,CLOUD_LAT_CNS_20260219_181204_P000002,REVOKE,1771524745.952425936,1771524746.061922097,.109496161,SUCCESS
93,CLOUD_LAT_CNS_20260219_181204_P000003,GRANT,1771524746.178289008,1771524746.292021122,.113732114,SUCCESS
94,CLOUD_LAT_CNS_20260219_181204_P000004,REVOKE,1771524746.411153933,1771524746.511422360,.100268427,SUCCESS
95,CLOUD_LAT_CNS_20260219_181204_P000005,GRANT,1771524746.628856209,1771524746.746409862,.117553653,SUCCESS
96,CLOUD_LAT_CNS_20260219_181204_P000001,REVOKE,1771524746.861480125,1771524747.004029283,.142549158,SUCCESS
97,CLOUD_LAT_CNS_20260219_181204_P000002,GRANT,1771524747.118009007,1771524747.238020649,.120011642,SUCCESS
98,CLOUD_LAT_CNS_20260219_181204_P000003,REVOKE,1771524747.352145778,1771524747.461732943,.109587165,SUCCESS
99,CLOUD_LAT_CNS_20260219_181204_P000004,GRANT,1771524747.576314988,1771524747.694130851,.117815863,SUCCESS
100,CLOUD_LAT_CNS_20260219_181204_P000005,REVOKE,1771524747.808072773,1771524747.925682828,.117610055,SUCCESS
101,CLOUD_LAT_CNS_20260219_181204_P000001,GRANT,1771524748.039280038,1771524748.149373321,.110093283,SUCCESS
102,CLOUD_LAT_CNS_20260219_181204_P000002,REVOKE,1771524748.263573553,1771524748.375382098,.111808545,SUCCESS
103,CLOUD_LAT_CNS_20260219_181204_P000003,GRANT,1771524748.492984853,1771524748.603694859,.110710006,SUCCESS
104,CLOUD_LAT_CNS_20260219_181204_P000004,REVOKE,1771524748.723599596,1771524748.830760673,.107161077,SUCCESS
105,CLOUD_LAT_CNS_20260219_181204_P000005,GRANT,1771524748.944411485,1771524749.084139041,.139727556,SUCCESS
106,CLOUD_LAT_CNS_20260219_181204_P000001,REVOKE,1771524749.198415075,1771524749.302934356,.104519281,SUCCESS
107,CLOUD_LAT_CNS_20260219_181204_P000002,GRANT,1771524749.418599241,1771524749.537973160,.119373919,SUCCESS
108,CLOUD_LAT_CNS_20260219_181204_P000003,REVOKE,1771524749.653040523,1771524749.763784130,.110743607,SUCCESS
109,CLOUD_LAT_CNS_20260219_181204_P000004,GRANT,1771524749.879965433,1771524749.994991995,.115026562,SUCCESS
110,CLOUD_LAT_CNS_20260219_181204_P000005,REVOKE,1771524750.110965991,1771524750.224365694,.113399703,SUCCESS
111,CLOUD_LAT_CNS_20260219_181204_P000001,GRANT,1771524750.338932139,1771524750.454740829,.115808690,SUCCESS
112,CLOUD_LAT_CNS_20260219_181204_P000002,REVOKE,1771524750.570039700,1771524750.677032271,.106992571,SUCCESS
113,CLOUD_LAT_CNS_20260219_181204_P000003,GRANT,1771524750.796981911,1771524750.910467917,.113486006,SUCCESS
114,CLOUD_LAT_CNS_20260219_181204_P000004,REVOKE,1771524751.026745424,1771524751.163556174,.136810750,SUCCESS
115,CLOUD_LAT_CNS_20260219_181204_P000005,GRANT,1771524751.279283960,1771524751.392441454,.113157494,SUCCESS
116,CLOUD_LAT_CNS_20260219_181204_P000001,REVOKE,1771524751.508215743,1771524751.620650010,.112434267,SUCCESS
117,CLOUD_LAT_CNS_20260219_181204_P000002,GRANT,1771524751.736080787,1771524751.850678933,.114598146,SUCCESS
118,CLOUD_LAT_CNS_20260219_181204_P000003,REVOKE,1771524751.965149375,1771524752.075092253,.109942878,SUCCESS
119,CLOUD_LAT_CNS_20260219_181204_P000004,GRANT,1771524752.189844704,1771524752.305657195,.115812491,SUCCESS
120,CLOUD_LAT_CNS_20260219_181204_P000005,REVOKE,1771524752.419956630,1771524752.528383038,.108426408,SUCCESS
121,CLOUD_LAT_CNS_20260219_181204_P000001,GRANT,1771524752.642562839,1771524752.761169998,.118607159,SUCCESS
122,CLOUD_LAT_CNS_20260219_181204_P000002,REVOKE,1771524752.883716799,1771524752.989098683,.105381884,SUCCESS
123,CLOUD_LAT_CNS_20260219_181204_P000003,GRANT,1771524753.103907806,1771524753.248476397,.144568591,SUCCESS
124,CLOUD_LAT_CNS_20260219_181204_P000004,REVOKE,1771524753.364206853,1771524753.477827733,.113620880,SUCCESS
125,CLOUD_LAT_CNS_20260219_181204_P000005,GRANT,1771524753.594652328,1771524753.710082573,.115430245,SUCCESS
126,CLOUD_LAT_CNS_20260219_181204_P000001,REVOKE,1771524753.825005501,1771524753.931094911,.106089410,SUCCESS
127,CLOUD_LAT_CNS_20260219_181204_P000002,GRANT,1771524754.046727463,1771524754.156099391,.109371928,SUCCESS
128,CLOUD_LAT_CNS_20260219_181204_P000003,REVOKE,1771524754.269959279,1771524754.370512990,.100553711,SUCCESS
129,CLOUD_LAT_CNS_20260219_181204_P000004,GRANT,1771524754.484045067,1771524754.605990046,.121944979,SUCCESS
130,CLOUD_LAT_CNS_20260219_181204_P000005,REVOKE,1771524754.719341016,1771524754.823385753,.104044737,SUCCESS
131,CLOUD_LAT_CNS_20260219_181204_P000001,GRANT,1771524754.938064571,1771524755.055307582,.117243011,SUCCESS
132,CLOUD_LAT_CNS_20260219_181204_P000002,REVOKE,1771524755.169865595,1771524755.275399785,.105534190,SUCCESS
133,CLOUD_LAT_CNS_20260219_181204_P000003,GRANT,1771524755.397229759,1771524755.516438940,.119209181,SUCCESS
134,CLOUD_LAT_CNS_20260219_181204_P000004,REVOKE,1771524755.631189061,1771524755.733182224,.101993163,SUCCESS
135,CLOUD_LAT_CNS_20260219_181204_P000005,GRANT,1771524755.846827205,1771524755.953131622,.106304417,SUCCESS
136,CLOUD_LAT_CNS_20260219_181204_P000001,REVOKE,1771524756.068097650,1771524756.177291771,.109194121,SUCCESS
137,CLOUD_LAT_CNS_20260219_181204_P000002,GRANT,1771524756.294081666,1771524756.410172635,.116090969,SUCCESS
138,CLOUD_LAT_CNS_20260219_181204_P000003,REVOKE,1771524756.526048095,1771524756.632846630,.106798535,SUCCESS
139,CLOUD_LAT_CNS_20260219_181204_P000004,GRANT,1771524756.747469847,1771524756.868268685,.120798838,SUCCESS
140,CLOUD_LAT_CNS_20260219_181204_P000005,REVOKE,1771524756.989020721,1771524757.094471407,.105450686,SUCCESS
141,CLOUD_LAT_CNS_20260219_181204_P000001,GRANT,1771524757.210251965,1771524757.345904536,.135652571,SUCCESS
142,CLOUD_LAT_CNS_20260219_181204_P000002,REVOKE,1771524757.461798698,1771524757.566752466,.104953768,SUCCESS
143,CLOUD_LAT_CNS_20260219_181204_P000003,GRANT,1771524757.682605828,1771524757.792796185,.110190357,SUCCESS
144,CLOUD_LAT_CNS_20260219_181204_P000004,REVOKE,1771524757.909334770,1771524758.026183866,.116849096,SUCCESS
145,CLOUD_LAT_CNS_20260219_181204_P000005,GRANT,1771524758.140907685,1771524758.253548530,.112640845,SUCCESS
146,CLOUD_LAT_CNS_20260219_181204_P000001,REVOKE,1771524758.368951274,1771524758.475927816,.106976542,SUCCESS
147,CLOUD_LAT_CNS_20260219_181204_P000002,GRANT,1771524758.589316188,1771524758.706482395,.117166207,SUCCESS
148,CLOUD_LAT_CNS_20260219_181204_P000003,REVOKE,1771524758.820613294,1771524758.930815851,.110202557,SUCCESS
149,CLOUD_LAT_CNS_20260219_181204_P000004,GRANT,1771524759.048955594,1771524759.173366961,.124411367,SUCCESS
150,CLOUD_LAT_CNS_20260219_181204_P000005,REVOKE,1771524759.290029951,1771524759.427270179,.137240228,SUCCESS
151,CLOUD_LAT_CNS_20260219_181204_P000001,GRANT,1771524759.542738225,1771524759.666145257,.123407032,SUCCESS
152,CLOUD_LAT_CNS_20260219_181204_P000002,REVOKE,1771524759.780941179,1771524759.887375001,.106433822,SUCCESS
153,CLOUD_LAT_CNS_20260219_181204_P000003,GRANT,1771524760.001021982,1771524760.119512937,.118490955,SUCCESS
154,CLOUD_LAT_CNS_20260219_181204_P000004,REVOKE,1771524760.233581634,1771524760.335707401,.102125767,SUCCESS
155,CLOUD_LAT_CNS_20260219_181204_P000005,GRANT,1771524760.449621892,1771524760.558390995,.108769103,SUCCESS
156,CLOUD_LAT_CNS_20260219_181204_P000001,REVOKE,1771524760.672325682,1771524760.784546807,.112221125,SUCCESS
157,CLOUD_LAT_CNS_20260219_181204_P000002,GRANT,1771524760.902035621,1771524761.030267721,.128232100,SUCCESS
158,CLOUD_LAT_CNS_20260219_181204_P000003,REVOKE,1771524761.144587621,1771524761.254103949,.109516328,SUCCESS
159,CLOUD_LAT_CNS_20260219_181204_P000004,GRANT,1771524761.370912339,1771524761.535534444,.164622105,SUCCESS
160,CLOUD_LAT_CNS_20260219_181204_P000005,REVOKE,1771524761.649743440,1771524761.759975194,.110231754,SUCCESS
161,CLOUD_LAT_CNS_20260219_181204_P000001,GRANT,1771524761.874558903,1771524761.988543092,.113984189,SUCCESS
162,CLOUD_LAT_CNS_20260219_181204_P000002,REVOKE,1771524762.103783025,1771524762.213589764,.109806739,SUCCESS
163,CLOUD_LAT_CNS_20260219_181204_P000003,GRANT,1771524762.328858398,1771524762.438231221,.109372823,SUCCESS
164,CLOUD_LAT_CNS_20260219_181204_P000004,REVOKE,1771524762.552133607,1771524762.661040214,.108906607,SUCCESS
165,CLOUD_LAT_CNS_20260219_181204_P000005,GRANT,1771524762.775642224,1771524762.895302316,.119660092,SUCCESS
166,CLOUD_LAT_CNS_20260219_181204_P000001,REVOKE,1771524763.010533949,1771524763.121324723,.110790774,SUCCESS
167,CLOUD_LAT_CNS_20260219_181204_P000002,GRANT,1771524763.238412222,1771524763.348906886,.110494664,SUCCESS
168,CLOUD_LAT_CNS_20260219_181204_P000003,REVOKE,1771524763.463404892,1771524763.611180792,.147775900,SUCCESS
169,CLOUD_LAT_CNS_20260219_181204_P000004,GRANT,1771524763.726738238,1771524763.844669368,.117931130,SUCCESS
170,CLOUD_LAT_CNS_20260219_181204_P000005,REVOKE,1771524763.959825098,1771524764.083956150,.124131052,SUCCESS
171,CLOUD_LAT_CNS_20260219_181204_P000001,GRANT,1771524764.199429692,1771524764.356819437,.157389745,SUCCESS
172,CLOUD_LAT_CNS_20260219_181204_P000002,REVOKE,1771524764.472237977,1771524764.581752505,.109514528,SUCCESS
173,CLOUD_LAT_CNS_20260219_181204_P000003,GRANT,1771524764.697098943,1771524764.811641652,.114542709,SUCCESS
174,CLOUD_LAT_CNS_20260219_181204_P000004,REVOKE,1771524764.925921950,1771524765.039257916,.113335966,SUCCESS
175,CLOUD_LAT_CNS_20260219_181204_P000005,GRANT,1771524765.154011931,1771524765.276735333,.122723402,SUCCESS
176,CLOUD_LAT_CNS_20260219_181204_P000001,REVOKE,1771524765.390536515,1771524765.493540909,.103004394,SUCCESS
177,CLOUD_LAT_CNS_20260219_181204_P000002,GRANT,1771524765.607775807,1771524765.743147462,.135371655,SUCCESS
178,CLOUD_LAT_CNS_20260219_181204_P000003,REVOKE,1771524765.857157552,1771524765.958173176,.101015624,SUCCESS
179,CLOUD_LAT_CNS_20260219_181204_P000004,GRANT,1771524766.072557978,1771524766.189886987,.117329009,SUCCESS
180,CLOUD_LAT_CNS_20260219_181204_P000005,REVOKE,1771524766.306055053,1771524766.412556873,.106501820,SUCCESS
181,CLOUD_LAT_CNS_20260219_181204_P000001,GRANT,1771524766.529950584,1771524766.638173866,.108223282,SUCCESS
182,CLOUD_LAT_CNS_20260219_181204_P000002,REVOKE,1771524766.751752439,1771524766.853329282,.101576843,SUCCESS
183,CLOUD_LAT_CNS_20260219_181204_P000003,GRANT,1771524766.966901156,1771524767.076749496,.109848340,SUCCESS
184,CLOUD_LAT_CNS_20260219_181204_P000004,REVOKE,1771524767.190392173,1771524767.298710559,.108318386,SUCCESS
185,CLOUD_LAT_CNS_20260219_181204_P000005,GRANT,1771524767.412849552,1771524767.531426205,.118576653,SUCCESS
186,CLOUD_LAT_CNS_20260219_181204_P000001,REVOKE,1771524767.645475596,1771524767.755586146,.110110550,SUCCESS
187,CLOUD_LAT_CNS_20260219_181204_P000002,GRANT,1771524767.871303796,1771524767.993191768,.121887972,SUCCESS
188,CLOUD_LAT_CNS_20260219_181204_P000003,REVOKE,1771524768.107122554,1771524768.213540471,.106417917,SUCCESS
189,CLOUD_LAT_CNS_20260219_181204_P000004,GRANT,1771524768.327274851,1771524768.444770666,.117495815,SUCCESS
190,CLOUD_LAT_CNS_20260219_181204_P000005,REVOKE,1771524768.559857723,1771524768.672677331,.112819608,SUCCESS
191,CLOUD_LAT_CNS_20260219_181204_P000001,GRANT,1771524768.788012530,1771524768.905386903,.117374373,SUCCESS
192,CLOUD_LAT_CNS_20260219_181204_P000002,REVOKE,1771524769.019546059,1771524769.136714425,.117168366,SUCCESS
193,CLOUD_LAT_CNS_20260219_181204_P000003,GRANT,1771524769.252278833,1771524769.370943453,.118664620,SUCCESS
194,CLOUD_LAT_CNS_20260219_181204_P000004,REVOKE,1771524769.487751706,1771524769.600773921,.113022215,SUCCESS
195,CLOUD_LAT_CNS_20260219_181204_P000005,GRANT,1771524769.717051954,1771524769.855475494,.138423540,SUCCESS
196,CLOUD_LAT_CNS_20260219_181204_P000001,REVOKE,1771524769.972520755,1771524770.095160420,.122639665,SUCCESS
197,CLOUD_LAT_CNS_20260219_181204_P000002,GRANT,1771524770.210128506,1771524770.323602138,.113473632,SUCCESS
198,CLOUD_LAT_CNS_20260219_181204_P000003,REVOKE,1771524770.438543222,1771524770.543093128,.104549906,SUCCESS
199,CLOUD_LAT_CNS_20260219_181204_P000004,GRANT,1771524770.657652000,1771524770.767693006,.110041006,SUCCESS
200,CLOUD_LAT_CNS_20260219_181204_P000005,REVOKE,1771524770.883195111,1771524770.992753800,.109558689,SUCCESS
201,CLOUD_LAT_CNS_20260219_181204_P000001,GRANT,1771524771.109511051,1771524771.230029339,.120518288,SUCCESS
202,CLOUD_LAT_CNS_20260219_181204_P000002,REVOKE,1771524771.344861319,1771524771.447574359,.102713040,SUCCESS
203,CLOUD_LAT_CNS_20260219_181204_P000003,GRANT,1771524771.562645849,1771524771.680901955,.118256106,SUCCESS
204,CLOUD_LAT_CNS_20260219_181204_P000004,REVOKE,1771524771.796376358,1771524771.990353820,.193977462,SUCCESS
205,CLOUD_LAT_CNS_20260219_181204_P000005,GRANT,1771524772.107035869,1771524772.228128278,.121092409,SUCCESS
206,CLOUD_LAT_CNS_20260219_181204_P000001,REVOKE,1771524772.342213431,1771524772.444667162,.102453731,SUCCESS
207,CLOUD_LAT_CNS_20260219_181204_P000002,GRANT,1771524772.558647711,1771524772.673022275,.114374564,SUCCESS
208,CLOUD_LAT_CNS_20260219_181204_P000003,REVOKE,1771524772.788932195,1771524772.909537886,.120605691,SUCCESS
209,CLOUD_LAT_CNS_20260219_181204_P000004,GRANT,1771524773.023723543,1771524773.136920064,.113196521,SUCCESS
210,CLOUD_LAT_CNS_20260219_181204_P000005,REVOKE,1771524773.258154679,1771524773.364424248,.106269569,SUCCESS
211,CLOUD_LAT_CNS_20260219_181204_P000001,GRANT,1771524773.478730209,1771524773.587878383,.109148174,SUCCESS
212,CLOUD_LAT_CNS_20260219_181204_P000002,REVOKE,1771524773.702980174,1771524773.816763017,.113782843,SUCCESS
213,CLOUD_LAT_CNS_20260219_181204_P000003,GRANT,1771524773.931496094,1771524774.078132733,.146636639,SUCCESS
214,CLOUD_LAT_CNS_20260219_181204_P000004,REVOKE,1771524774.191877973,1771524774.293117459,.101239486,SUCCESS
215,CLOUD_LAT_CNS_20260219_181204_P000005,GRANT,1771524774.406608591,1771524774.523155334,.116546743,SUCCESS
216,CLOUD_LAT_CNS_20260219_181204_P000001,REVOKE,1771524774.637116784,1771524774.747151390,.110034606,SUCCESS
217,CLOUD_LAT_CNS_20260219_181204_P000002,GRANT,1771524774.861258144,1771524774.972426391,.111168247,SUCCESS
218,CLOUD_LAT_CNS_20260219_181204_P000003,REVOKE,1771524775.089651560,1771524775.199816271,.110164711,SUCCESS
219,CLOUD_LAT_CNS_20260219_181204_P000004,GRANT,1771524775.314595649,1771524775.430157157,.115561508,SUCCESS
220,CLOUD_LAT_CNS_20260219_181204_P000005,REVOKE,1771524775.550077023,1771524775.650308772,.100231749,SUCCESS
221,CLOUD_LAT_CNS_20260219_181204_P000001,GRANT,1771524775.765532867,1771524775.878789690,.113256823,SUCCESS
222,CLOUD_LAT_CNS_20260219_181204_P000002,REVOKE,1771524775.992566333,1771524776.131348385,.138782052,SUCCESS
223,CLOUD_LAT_CNS_20260219_181204_P000003,GRANT,1771524776.248318944,1771524776.363288030,.114969086,SUCCESS
224,CLOUD_LAT_CNS_20260219_181204_P000004,REVOKE,1771524776.477239379,1771524776.590647771,.113408392,SUCCESS
225,CLOUD_LAT_CNS_20260219_181204_P000005,GRANT,1771524776.704141552,1771524776.812762056,.108620504,SUCCESS
226,CLOUD_LAT_CNS_20260219_181204_P000001,REVOKE,1771524776.926707652,1771524777.037730443,.111022791,SUCCESS
227,CLOUD_LAT_CNS_20260219_181204_P000002,GRANT,1771524777.151917346,1771524777.262263712,.110346366,SUCCESS
228,CLOUD_LAT_CNS_20260219_181204_P000003,REVOKE,1771524777.377143842,1771524777.481987210,.104843368,SUCCESS
229,CLOUD_LAT_CNS_20260219_181204_P000004,GRANT,1771524777.597503362,1771524777.705509744,.108006382,SUCCESS
230,CLOUD_LAT_CNS_20260219_181204_P000005,REVOKE,1771524777.821154401,1771524777.920739380,.099584979,SUCCESS
231,CLOUD_LAT_CNS_20260219_181204_P000001,GRANT,1771524778.036796552,1771524778.144130510,.107333958,SUCCESS
232,CLOUD_LAT_CNS_20260219_181204_P000002,REVOKE,1771524778.259477956,1771524778.370873460,.111395504,SUCCESS
233,CLOUD_LAT_CNS_20260219_181204_P000003,GRANT,1771524778.485185568,1771524778.599543778,.114358210,SUCCESS
234,CLOUD_LAT_CNS_20260219_181204_P000004,REVOKE,1771524778.715123033,1771524778.819326478,.104203445,SUCCESS
235,CLOUD_LAT_CNS_20260219_181204_P000005,GRANT,1771524778.934553820,1771524779.045851721,.111297901,SUCCESS
236,CLOUD_LAT_CNS_20260219_181204_P000001,REVOKE,1771524779.159286898,1771524779.265270107,.105983209,SUCCESS
237,CLOUD_LAT_CNS_20260219_181204_P000002,GRANT,1771524779.380420646,1771524779.504094891,.123674245,SUCCESS
238,CLOUD_LAT_CNS_20260219_181204_P000003,REVOKE,1771524779.620313669,1771524779.730498930,.110185261,SUCCESS
239,CLOUD_LAT_CNS_20260219_181204_P000004,GRANT,1771524779.848700278,1771524779.969606824,.120906546,SUCCESS
240,CLOUD_LAT_CNS_20260219_181204_P000005,REVOKE,1771524780.084547855,1771524780.244640409,.160092554,SUCCESS
241,CLOUD_LAT_CNS_20260219_181204_P000001,GRANT,1771524780.359187026,1771524780.467432716,.108245690,SUCCESS
242,CLOUD_LAT_CNS_20260219_181204_P000002,REVOKE,1771524780.581529318,1771524780.698148910,.116619592,SUCCESS
243,CLOUD_LAT_CNS_20260219_181204_P000003,GRANT,1771524780.813494656,1771524780.915232813,.101738157,SUCCESS
244,CLOUD_LAT_CNS_20260219_181204_P000004,REVOKE,1771524781.028725492,1771524781.131846399,.103120907,SUCCESS
245,CLOUD_LAT_CNS_20260219_181204_P000005,GRANT,1771524781.247512856,1771524781.350500658,.102987802,SUCCESS
246,CLOUD_LAT_CNS_20260219_181204_P000001,REVOKE,1771524781.463867832,1771524781.563460612,.099592780,SUCCESS
247,CLOUD_LAT_CNS_20260219_181204_P000002,GRANT,1771524781.678572949,1771524781.792865957,.114293008,SUCCESS
248,CLOUD_LAT_CNS_20260219_181204_P000003,REVOKE,1771524781.909084235,1771524782.018141355,.109057120,SUCCESS
249,CLOUD_LAT_CNS_20260219_181204_P000004,GRANT,1771524782.133553003,1771524782.259998248,.126445245,SUCCESS
250,CLOUD_LAT_CNS_20260219_181204_P000005,REVOKE,1771524782.377139358,1771524782.481204299,.104064941,SUCCESS
251,CLOUD_LAT_CNS_20260219_181204_P000001,GRANT,1771524782.596822354,1771524782.705284453,.108462099,SUCCESS
252,CLOUD_LAT_CNS_20260219_181204_P000002,REVOKE,1771524782.820722602,1771524782.927559342,.106836740,SUCCESS
253,CLOUD_LAT_CNS_20260219_181204_P000003,GRANT,1771524783.041396234,1771524783.157300800,.115904566,SUCCESS
254,CLOUD_LAT_CNS_20260219_181204_P000004,REVOKE,1771524783.272415037,1771524783.381284950,.108869913,SUCCESS
255,CLOUD_LAT_CNS_20260219_181204_P000005,GRANT,1771524783.495902170,1771524783.612986378,.117084208,SUCCESS
256,CLOUD_LAT_CNS_20260219_181204_P000001,REVOKE,1771524783.727729803,1771524783.841728201,.113998398,SUCCESS
257,CLOUD_LAT_CNS_20260219_181204_P000002,GRANT,1771524783.957372657,1771524784.074086552,.116713895,SUCCESS
258,CLOUD_LAT_CNS_20260219_181204_P000003,REVOKE,1771524784.189270092,1771524784.314118880,.124848788,SUCCESS
259,CLOUD_LAT_CNS_20260219_181204_P000004,GRANT,1771524784.429025010,1771524784.536188679,.107163669,SUCCESS
260,CLOUD_LAT_CNS_20260219_181204_P000005,REVOKE,1771524784.651185358,1771524784.781194699,.130009341,SUCCESS
261,CLOUD_LAT_CNS_20260219_181204_P000001,GRANT,1771524784.897827744,1771524785.007610532,.109782788,SUCCESS
262,CLOUD_LAT_CNS_20260219_181204_P000002,REVOKE,1771524785.120565738,1771524785.233866357,.113300619,SUCCESS
263,CLOUD_LAT_CNS_20260219_181204_P000003,GRANT,1771524785.346962869,1771524785.455313904,.108351035,SUCCESS
264,CLOUD_LAT_CNS_20260219_181204_P000004,REVOKE,1771524785.569805168,1771524785.670661524,.100856356,SUCCESS
265,CLOUD_LAT_CNS_20260219_181204_P000005,GRANT,1771524785.786061422,1771524785.889587877,.103526455,SUCCESS
266,CLOUD_LAT_CNS_20260219_181204_P000001,REVOKE,1771524786.004043639,1771524786.105373812,.101330173,SUCCESS
267,CLOUD_LAT_CNS_20260219_181204_P000002,GRANT,1771524786.218829838,1771524786.330995515,.112165677,SUCCESS
268,CLOUD_LAT_CNS_20260219_181204_P000003,REVOKE,1771524786.447839167,1771524786.552624369,.104785202,SUCCESS
269,CLOUD_LAT_CNS_20260219_181204_P000004,GRANT,1771524786.666436107,1771524786.775379664,.108943557,SUCCESS
270,CLOUD_LAT_CNS_20260219_181204_P000005,REVOKE,1771524786.889183603,1771524786.995960079,.106776476,SUCCESS
271,CLOUD_LAT_CNS_20260219_181204_P000001,GRANT,1771524787.109867521,1771524787.215424352,.105556831,SUCCESS
272,CLOUD_LAT_CNS_20260219_181204_P000002,REVOKE,1771524787.328880077,1771524787.434823322,.105943245,SUCCESS
273,CLOUD_LAT_CNS_20260219_181204_P000003,GRANT,1771524787.549674900,1771524787.655486940,.105812040,SUCCESS
274,CLOUD_LAT_CNS_20260219_181204_P000004,REVOKE,1771524787.769687593,1771524787.873679666,.103992073,SUCCESS
275,CLOUD_LAT_CNS_20260219_181204_P000005,GRANT,1771524787.989968296,1771524788.104430058,.114461762,SUCCESS
276,CLOUD_LAT_CNS_20260219_181204_P000001,REVOKE,1771524788.219504444,1771524788.333343283,.113838839,SUCCESS
277,CLOUD_LAT_CNS_20260219_181204_P000002,GRANT,1771524788.448069856,1771524788.565427927,.117358071,SUCCESS
278,CLOUD_LAT_CNS_20260219_181204_P000003,REVOKE,1771524788.679639780,1771524788.786555561,.106915781,SUCCESS
279,CLOUD_LAT_CNS_20260219_181204_P000004,GRANT,1771524788.900323598,1771524789.012674782,.112351184,SUCCESS
280,CLOUD_LAT_CNS_20260219_181204_P000005,REVOKE,1771524789.126631526,1771524789.234636648,.108005122,SUCCESS
281,CLOUD_LAT_CNS_20260219_181204_P000001,GRANT,1771524789.347926667,1771524789.463398367,.115471700,SUCCESS
282,CLOUD_LAT_CNS_20260219_181204_P000002,REVOKE,1771524789.577962034,1771524789.688712959,.110750925,SUCCESS
283,CLOUD_LAT_CNS_20260219_181204_P000003,GRANT,1771524789.802490295,1771524789.914529968,.112039673,SUCCESS
284,CLOUD_LAT_CNS_20260219_181204_P000004,REVOKE,1771524790.032321854,1771524790.144355326,.112033472,SUCCESS
285,CLOUD_LAT_CNS_20260219_181204_P000005,GRANT,1771524790.258674684,1771524790.416727670,.158052986,SUCCESS
286,CLOUD_LAT_CNS_20260219_181204_P000001,REVOKE,1771524790.533790329,1771524790.642829590,.109039261,SUCCESS
287,CLOUD_LAT_CNS_20260219_181204_P000002,GRANT,1771524790.758034180,1771524790.872677550,.114643370,SUCCESS
288,CLOUD_LAT_CNS_20260219_181204_P000003,REVOKE,1771524790.987958543,1771524791.100976752,.113018209,SUCCESS
289,CLOUD_LAT_CNS_20260219_181204_P000004,GRANT,1771524791.217065875,1771524791.328817537,.111751662,SUCCESS
290,CLOUD_LAT_CNS_20260219_181204_P000005,REVOKE,1771524791.443189996,1771524791.551992048,.108802052,SUCCESS
291,CLOUD_LAT_CNS_20260219_181204_P000001,GRANT,1771524791.670284853,1771524791.787014100,.116729247,SUCCESS
292,CLOUD_LAT_CNS_20260219_181204_P000002,REVOKE,1771524791.907241444,1771524792.013232855,.105991411,SUCCESS
293,CLOUD_LAT_CNS_20260219_181204_P000003,GRANT,1771524792.130682278,1771524792.247600782,.116918504,SUCCESS
294,CLOUD_LAT_CNS_20260219_181204_P000004,REVOKE,1771524792.368097514,1771524792.508673269,.140575755,SUCCESS
295,CLOUD_LAT_CNS_20260219_181204_P000005,GRANT,1771524792.625387866,1771524792.739169558,.113781692,SUCCESS
296,CLOUD_LAT_CNS_20260219_181204_P000001,REVOKE,1771524792.859841999,1771524792.965316892,.105474893,SUCCESS
297,CLOUD_LAT_CNS_20260219_181204_P000002,GRANT,1771524793.079395496,1771524793.196914422,.117518926,SUCCESS
298,CLOUD_LAT_CNS_20260219_181204_P000003,REVOKE,1771524793.310848921,1771524793.426268572,.115419651,SUCCESS
299,CLOUD_LAT_CNS_20260219_181204_P000004,GRANT,1771524793.540765890,1771524793.652896623,.112130733,SUCCESS
300,CLOUD_LAT_CNS_20260219_181204_P000005,REVOKE,1771524793.768687488,1771524793.874144581,.105457093,SUCCESS
301,CLOUD_LAT_CNS_20260219_181204_P000001,GRANT,1771524793.991060286,1771524794.107725283,.116664997,SUCCESS
302,CLOUD_LAT_CNS_20260219_181204_P000002,REVOKE,1771524794.225108705,1771524794.328522825,.103414120,SUCCESS
303,CLOUD_LAT_CNS_20260219_181204_P000003,GRANT,1771524794.445864645,1771524794.586988821,.141124176,SUCCESS
304,CLOUD_LAT_CNS_20260219_181204_P000004,REVOKE,1771524794.700763013,1771524794.802239363,.101476350,SUCCESS
305,CLOUD_LAT_CNS_20260219_181204_P000005,GRANT,1771524794.915969453,1771524795.032588247,.116618794,SUCCESS
306,CLOUD_LAT_CNS_20260219_181204_P000001,REVOKE,1771524795.146335239,1771524795.254648135,.108312896,SUCCESS
307,CLOUD_LAT_CNS_20260219_181204_P000002,GRANT,1771524795.369123652,1771524795.493908940,.124785288,SUCCESS
308,CLOUD_LAT_CNS_20260219_181204_P000003,REVOKE,1771524795.609597701,1771524795.722720870,.113123169,SUCCESS
309,CLOUD_LAT_CNS_20260219_181204_P000004,GRANT,1771524795.839705778,1771524795.957792326,.118086548,SUCCESS
310,CLOUD_LAT_CNS_20260219_181204_P000005,REVOKE,1771524796.074884837,1771524796.187506488,.112621651,SUCCESS
311,CLOUD_LAT_CNS_20260219_181204_P000001,GRANT,1771524796.300907266,1771524796.412886394,.111979128,SUCCESS
312,CLOUD_LAT_CNS_20260219_181204_P000002,REVOKE,1771524796.531124147,1771524796.667319946,.136195799,SUCCESS
313,CLOUD_LAT_CNS_20260219_181204_P000003,GRANT,1771524796.784840272,1771524796.891619213,.106778941,SUCCESS
314,CLOUD_LAT_CNS_20260219_181204_P000004,REVOKE,1771524797.008989134,1771524797.128362327,.119373193,SUCCESS
315,CLOUD_LAT_CNS_20260219_181204_P000005,GRANT,1771524797.243104055,1771524797.367112616,.124008561,SUCCESS
316,CLOUD_LAT_CNS_20260219_181204_P000001,REVOKE,1771524797.489990035,1771524797.600907024,.110916989,SUCCESS
317,CLOUD_LAT_CNS_20260219_181204_P000002,GRANT,1771524797.719511090,1771524797.832848766,.113337676,SUCCESS
318,CLOUD_LAT_CNS_20260219_181204_P000003,REVOKE,1771524797.948917841,1771524798.055548576,.106630735,SUCCESS
319,CLOUD_LAT_CNS_20260219_181204_P000004,GRANT,1771524798.172125970,1771524798.285746656,.113620686,SUCCESS
320,CLOUD_LAT_CNS_20260219_181204_P000005,REVOKE,1771524798.402074740,1771524798.510461338,.108386598,SUCCESS
321,CLOUD_LAT_CNS_20260219_181204_P000001,GRANT,1771524798.627267540,1771524798.759135983,.131868443,SUCCESS
322,CLOUD_LAT_CNS_20260219_181204_P000002,REVOKE,1771524798.878168264,1771524798.981270172,.103101908,SUCCESS
323,CLOUD_LAT_CNS_20260219_181204_P000003,GRANT,1771524799.099420822,1771524799.207838321,.108417499,SUCCESS
324,CLOUD_LAT_CNS_20260219_181204_P000004,REVOKE,1771524799.323436479,1771524799.426082571,.102646092,SUCCESS
325,CLOUD_LAT_CNS_20260219_181204_P000005,GRANT,1771524799.542299451,1771524799.658463729,.116164278,SUCCESS
326,CLOUD_LAT_CNS_20260219_181204_P000001,REVOKE,1771524799.772873345,1771524799.885278988,.112405643,SUCCESS
327,CLOUD_LAT_CNS_20260219_181204_P000002,GRANT,1771524800.003032523,1771524800.124035875,.121003352,SUCCESS
328,CLOUD_LAT_CNS_20260219_181204_P000003,REVOKE,1771524800.238354787,1771524800.342265324,.103910537,SUCCESS
329,CLOUD_LAT_CNS_20260219_181204_P000004,GRANT,1771524800.455817209,1771524800.577235572,.121418363,SUCCESS
330,CLOUD_LAT_CNS_20260219_181204_P000005,REVOKE,1771524800.693413736,1771524800.839691479,.146277743,SUCCESS
331,CLOUD_LAT_CNS_20260219_181204_P000001,GRANT,1771524800.953933374,1771524801.071362083,.117428709,SUCCESS
332,CLOUD_LAT_CNS_20260219_181204_P000002,REVOKE,1771524801.186290402,1771524801.297224378,.110933976,SUCCESS
333,CLOUD_LAT_CNS_20260219_181204_P000003,GRANT,1771524801.413073830,1771524801.530398435,.117324605,SUCCESS
334,CLOUD_LAT_CNS_20260219_181204_P000004,REVOKE,1771524801.646489196,1771524801.753858445,.107369249,SUCCESS
335,CLOUD_LAT_CNS_20260219_181204_P000005,GRANT,1771524801.869951406,1771524801.981100490,.111149084,SUCCESS
336,CLOUD_LAT_CNS_20260219_181204_P000001,REVOKE,1771524802.098750007,1771524802.200648660,.101898653,SUCCESS
337,CLOUD_LAT_CNS_20260219_181204_P000002,GRANT,1771524802.315978592,1771524802.432781378,.116802786,SUCCESS
338,CLOUD_LAT_CNS_20260219_181204_P000003,REVOKE,1771524802.551787644,1771524802.661089761,.109302117,SUCCESS
339,CLOUD_LAT_CNS_20260219_181204_P000004,GRANT,1771524802.774886041,1771524802.913151997,.138265956,SUCCESS
340,CLOUD_LAT_CNS_20260219_181204_P000005,REVOKE,1771524803.028250022,1771524803.145231815,.116981793,SUCCESS
341,CLOUD_LAT_CNS_20260219_181204_P000001,GRANT,1771524803.262071603,1771524803.379980429,.117908826,SUCCESS
342,CLOUD_LAT_CNS_20260219_181204_P000002,REVOKE,1771524803.495999487,1771524803.602692612,.106693125,SUCCESS
343,CLOUD_LAT_CNS_20260219_181204_P000003,GRANT,1771524803.718126549,1771524803.835788966,.117662417,SUCCESS
344,CLOUD_LAT_CNS_20260219_181204_P000004,REVOKE,1771524803.951135100,1771524804.058801059,.107665959,SUCCESS
345,CLOUD_LAT_CNS_20260219_181204_P000005,GRANT,1771524804.173797281,1771524804.281579744,.107782463,SUCCESS
346,CLOUD_LAT_CNS_20260219_181204_P000001,REVOKE,1771524804.396246654,1771524804.502770672,.106524018,SUCCESS
347,CLOUD_LAT_CNS_20260219_181204_P000002,GRANT,1771524804.618550722,1771524804.732315900,.113765178,SUCCESS
348,CLOUD_LAT_CNS_20260219_181204_P000003,REVOKE,1771524804.847956944,1771524804.989041201,.141084257,SUCCESS
349,CLOUD_LAT_CNS_20260219_181204_P000004,GRANT,1771524805.104407536,1771524805.213785257,.109377721,SUCCESS
350,CLOUD_LAT_CNS_20260219_181204_P000005,REVOKE,1771524805.329172792,1771524805.443448188,.114275396,SUCCESS
351,CLOUD_LAT_CNS_20260219_181204_P000001,GRANT,1771524805.561572022,1771524805.673877547,.112305525,SUCCESS
352,CLOUD_LAT_CNS_20260219_181204_P000002,REVOKE,1771524805.789351386,1771524805.896141614,.106790228,SUCCESS
353,CLOUD_LAT_CNS_20260219_181204_P000003,GRANT,1771524806.011181037,1771524806.126685677,.115504640,SUCCESS
354,CLOUD_LAT_CNS_20260219_181204_P000004,REVOKE,1771524806.242549030,1771524806.345951536,.103402506,SUCCESS
355,CLOUD_LAT_CNS_20260219_181204_P000005,GRANT,1771524806.462611317,1771524806.573636796,.111025479,SUCCESS
356,CLOUD_LAT_CNS_20260219_181204_P000001,REVOKE,1771524806.688602817,1771524806.796457883,.107855066,SUCCESS
357,CLOUD_LAT_CNS_20260219_181204_P000002,GRANT,1771524806.912729451,1771524807.055807479,.143078028,SUCCESS
358,CLOUD_LAT_CNS_20260219_181204_P000003,REVOKE,1771524807.173211187,1771524807.274990635,.101779448,SUCCESS
359,CLOUD_LAT_CNS_20260219_181204_P000004,GRANT,1771524807.389352534,1771524807.497899925,.108547391,SUCCESS
360,CLOUD_LAT_CNS_20260219_181204_P000005,REVOKE,1771524807.612068117,1771524807.721232830,.109164713,SUCCESS
361,CLOUD_LAT_CNS_20260219_181204_P000001,GRANT,1771524807.835357620,1771524807.964525550,.129167930,SUCCESS
362,CLOUD_LAT_CNS_20260219_181204_P000002,REVOKE,1771524808.078880448,1771524808.177237473,.098357025,SUCCESS
363,CLOUD_LAT_CNS_20260219_181204_P000003,GRANT,1771524808.290869246,1771524808.398211793,.107342547,SUCCESS
364,CLOUD_LAT_CNS_20260219_181204_P000004,REVOKE,1771524808.514123548,1771524808.613756520,.099632972,SUCCESS
365,CLOUD_LAT_CNS_20260219_181204_P000005,GRANT,1771524808.729234860,1771524808.840673156,.111438296,SUCCESS
366,CLOUD_LAT_CNS_20260219_181204_P000001,REVOKE,1771524808.956929823,1771524809.073150390,.116220567,SUCCESS
367,CLOUD_LAT_CNS_20260219_181204_P000002,GRANT,1771524809.199090405,1771524809.306449154,.107358749,SUCCESS
368,CLOUD_LAT_CNS_20260219_181204_P000003,REVOKE,1771524809.421062263,1771524809.543832464,.122770201,SUCCESS
369,CLOUD_LAT_CNS_20260219_181204_P000004,GRANT,1771524809.657995957,1771524809.773674504,.115678547,SUCCESS
370,CLOUD_LAT_CNS_20260219_181204_P000005,REVOKE,1771524809.887711593,1771524809.998983782,.111272189,SUCCESS
371,CLOUD_LAT_CNS_20260219_181204_P000001,GRANT,1771524810.114625328,1771524810.220931639,.106306311,SUCCESS
372,CLOUD_LAT_CNS_20260219_181204_P000002,REVOKE,1771524810.336352677,1771524810.439487474,.103134797,SUCCESS
373,CLOUD_LAT_CNS_20260219_181204_P000003,GRANT,1771524810.554562600,1771524810.662645375,.108082775,SUCCESS
374,CLOUD_LAT_CNS_20260219_181204_P000004,REVOKE,1771524810.777979210,1771524810.894866800,.116887590,SUCCESS
375,CLOUD_LAT_CNS_20260219_181204_P000005,GRANT,1771524811.009979427,1771524811.154529709,.144550282,SUCCESS
376,CLOUD_LAT_CNS_20260219_181204_P000001,REVOKE,1771524811.272300332,1771524811.380468710,.108168378,SUCCESS
377,CLOUD_LAT_CNS_20260219_181204_P000002,GRANT,1771524811.494801309,1771524811.619314973,.124513664,SUCCESS
378,CLOUD_LAT_CNS_20260219_181204_P000003,REVOKE,1771524811.734405699,1771524811.841701546,.107295847,SUCCESS
379,CLOUD_LAT_CNS_20260219_181204_P000004,GRANT,1771524811.955999943,1771524812.073358351,.117358408,SUCCESS
380,CLOUD_LAT_CNS_20260219_181204_P000005,REVOKE,1771524812.186677013,1771524812.293394639,.106717626,SUCCESS
381,CLOUD_LAT_CNS_20260219_181204_P000001,GRANT,1771524812.407880244,1771524812.519265538,.111385294,SUCCESS
382,CLOUD_LAT_CNS_20260219_181204_P000002,REVOKE,1771524812.632669903,1771524812.739674939,.107005036,SUCCESS
383,CLOUD_LAT_CNS_20260219_181204_P000003,GRANT,1771524812.860609674,1771524812.975323286,.114713612,SUCCESS
384,CLOUD_LAT_CNS_20260219_181204_P000004,REVOKE,1771524813.089941396,1771524813.228852376,.138910980,SUCCESS
385,CLOUD_LAT_CNS_20260219_181204_P000005,GRANT,1771524813.344535624,1771524813.458700317,.114164693,SUCCESS
386,CLOUD_LAT_CNS_20260219_181204_P000001,REVOKE,1771524813.575095790,1771524813.679731841,.104636051,SUCCESS
387,CLOUD_LAT_CNS_20260219_181204_P000002,GRANT,1771524813.797098749,1771524813.909041462,.111942713,SUCCESS
388,CLOUD_LAT_CNS_20260219_181204_P000003,REVOKE,1771524814.025699844,1771524814.129759875,.104060031,SUCCESS
389,CLOUD_LAT_CNS_20260219_181204_P000004,GRANT,1771524814.243107039,1771524814.353034280,.109927241,SUCCESS
390,CLOUD_LAT_CNS_20260219_181204_P000005,REVOKE,1771524814.467711891,1771524814.571245003,.103533112,SUCCESS
391,CLOUD_LAT_CNS_20260219_181204_P000001,GRANT,1771524814.687376066,1771524814.796300171,.108924105,SUCCESS
392,CLOUD_LAT_CNS_20260219_181204_P000002,REVOKE,1771524814.910835777,1771524815.016342160,.105506383,SUCCESS
393,CLOUD_LAT_CNS_20260219_181204_P000003,GRANT,1771524815.131955205,1771524815.238224915,.106269710,SUCCESS
394,CLOUD_LAT_CNS_20260219_181204_P000004,REVOKE,1771524815.352568214,1771524815.462693162,.110124948,SUCCESS
395,CLOUD_LAT_CNS_20260219_181204_P000005,GRANT,1771524815.578410611,1771524815.691634871,.113224260,SUCCESS
396,CLOUD_LAT_CNS_20260219_181204_P000001,REVOKE,1771524815.808287552,1771524815.913727532,.105439980,SUCCESS
397,CLOUD_LAT_CNS_20260219_181204_P000002,GRANT,1771524816.034430260,1771524816.147029297,.112599037,SUCCESS
398,CLOUD_LAT_CNS_20260219_181204_P000003,REVOKE,1771524816.261717508,1771524816.370212698,.108495190,SUCCESS
399,CLOUD_LAT_CNS_20260219_181204_P000004,GRANT,1771524816.484535496,1771524816.598265467,.113729971,SUCCESS
400,CLOUD_LAT_CNS_20260219_181204_P000005,REVOKE,1771524816.713631954,1771524816.820085646,.106453692,SUCCESS
401,CLOUD_LAT_CNS_20260219_181204_P000001,GRANT,1771524816.938095006,1771524817.052486351,.114391345,SUCCESS
402,CLOUD_LAT_CNS_20260219_181204_P000002,REVOKE,1771524817.168246840,1771524817.316262556,.148015716,SUCCESS
403,CLOUD_LAT_CNS_20260219_181204_P000003,GRANT,1771524817.431653133,1771524817.549674494,.118021361,SUCCESS
404,CLOUD_LAT_CNS_20260219_181204_P000004,REVOKE,1771524817.665544885,1771524817.772565295,.107020410,SUCCESS
405,CLOUD_LAT_CNS_20260219_181204_P000005,GRANT,1771524817.887126546,1771524817.994791276,.107664730,SUCCESS
406,CLOUD_LAT_CNS_20260219_181204_P000001,REVOKE,1771524818.108948114,1771524818.220393665,.111445551,SUCCESS
407,CLOUD_LAT_CNS_20260219_181204_P000002,GRANT,1771524818.334018585,1771524818.447953915,.113935330,SUCCESS
408,CLOUD_LAT_CNS_20260219_181204_P000003,REVOKE,1771524818.562069952,1771524818.668362339,.106292387,SUCCESS
409,CLOUD_LAT_CNS_20260219_181204_P000004,GRANT,1771524818.783851118,1771524818.895666781,.111815663,SUCCESS
410,CLOUD_LAT_CNS_20260219_181204_P000005,REVOKE,1771524819.009416906,1771524819.116279911,.106863005,SUCCESS
411,CLOUD_LAT_CNS_20260219_181204_P000001,GRANT,1771524819.230030035,1771524819.337471159,.107441124,SUCCESS
412,CLOUD_LAT_CNS_20260219_181204_P000002,REVOKE,1771524819.458772124,1771524819.562753237,.103981113,SUCCESS
413,CLOUD_LAT_CNS_20260219_181204_P000003,GRANT,1771524819.677843204,1771524819.788082016,.110238812,SUCCESS
414,CLOUD_LAT_CNS_20260219_181204_P000004,REVOKE,1771524819.903680100,1771524820.024046835,.120366735,SUCCESS
415,CLOUD_LAT_CNS_20260219_181204_P000005,GRANT,1771524820.141923891,1771524820.255151699,.113227808,SUCCESS
416,CLOUD_LAT_CNS_20260219_181204_P000001,REVOKE,1771524820.369393139,1771524820.482091530,.112698391,SUCCESS
417,CLOUD_LAT_CNS_20260219_181204_P000002,GRANT,1771524820.599285464,1771524820.708654049,.109368585,SUCCESS
418,CLOUD_LAT_CNS_20260219_181204_P000003,REVOKE,1771524820.825042758,1771524820.933599217,.108556459,SUCCESS
419,CLOUD_LAT_CNS_20260219_181204_P000004,GRANT,1771524821.049983225,1771524821.162774119,.112790894,SUCCESS
420,CLOUD_LAT_CNS_20260219_181204_P000005,REVOKE,1771524821.278306100,1771524821.416776412,.138470312,SUCCESS
421,CLOUD_LAT_CNS_20260219_181204_P000001,GRANT,1771524821.531928582,1771524821.650526061,.118597479,SUCCESS
422,CLOUD_LAT_CNS_20260219_181204_P000002,REVOKE,1771524821.765165813,1771524821.874150685,.108984872,SUCCESS
423,CLOUD_LAT_CNS_20260219_181204_P000003,GRANT,1771524821.989476461,1771524822.100450097,.110973636,SUCCESS
424,CLOUD_LAT_CNS_20260219_181204_P000004,REVOKE,1771524822.214062817,1771524822.324441334,.110378517,SUCCESS
425,CLOUD_LAT_CNS_20260219_181204_P000005,GRANT,1771524822.442531997,1771524822.554793632,.112261635,SUCCESS
426,CLOUD_LAT_CNS_20260219_181204_P000001,REVOKE,1771524822.671003886,1771524822.775096121,.104092235,SUCCESS
427,CLOUD_LAT_CNS_20260219_181204_P000002,GRANT,1771524822.892527936,1771524823.000978928,.108450992,SUCCESS
428,CLOUD_LAT_CNS_20260219_181204_P000003,REVOKE,1771524823.116796485,1771524823.222982796,.106186311,SUCCESS
429,CLOUD_LAT_CNS_20260219_181204_P000004,GRANT,1771524823.339852790,1771524823.498409980,.158557190,SUCCESS
430,CLOUD_LAT_CNS_20260219_181204_P000005,REVOKE,1771524823.612632379,1771524823.722885036,.110252657,SUCCESS
431,CLOUD_LAT_CNS_20260219_181204_P000001,GRANT,1771524823.839954237,1771524823.946532262,.106578025,SUCCESS
432,CLOUD_LAT_CNS_20260219_181204_P000002,REVOKE,1771524824.062131011,1771524824.170486999,.108355988,SUCCESS
433,CLOUD_LAT_CNS_20260219_181204_P000003,GRANT,1771524824.284702798,1771524824.400821565,.116118767,SUCCESS
434,CLOUD_LAT_CNS_20260219_181204_P000004,REVOKE,1771524824.516189406,1771524824.626231698,.110042292,SUCCESS
435,CLOUD_LAT_CNS_20260219_181204_P000005,GRANT,1771524824.741774250,1771524824.861372356,.119598106,SUCCESS
436,CLOUD_LAT_CNS_20260219_181204_P000001,REVOKE,1771524824.979071691,1771524825.084393371,.105321680,SUCCESS
437,CLOUD_LAT_CNS_20260219_181204_P000002,GRANT,1771524825.199914527,1771524825.308522327,.108607800,SUCCESS
438,CLOUD_LAT_CNS_20260219_181204_P000003,REVOKE,1771524825.423299755,1771524825.579618814,.156319059,SUCCESS
439,CLOUD_LAT_CNS_20260219_181204_P000004,GRANT,1771524825.694625350,1771524825.811933271,.117307921,SUCCESS
440,CLOUD_LAT_CNS_20260219_181204_P000005,REVOKE,1771524825.928078450,1771524826.054577010,.126498560,SUCCESS
441,CLOUD_LAT_CNS_20260219_181204_P000001,GRANT,1771524826.178313168,1771524826.290210290,.111897122,SUCCESS
442,CLOUD_LAT_CNS_20260219_181204_P000002,REVOKE,1771524826.405998056,1771524826.519958054,.113959998,SUCCESS
443,CLOUD_LAT_CNS_20260219_181204_P000003,GRANT,1771524826.634434271,1771524826.742458450,.108024179,SUCCESS
444,CLOUD_LAT_CNS_20260219_181204_P000004,REVOKE,1771524826.857131474,1771524826.958183496,.101052022,SUCCESS
445,CLOUD_LAT_CNS_20260219_181204_P000005,GRANT,1771524827.072577811,1771524827.189297511,.116719700,SUCCESS
446,CLOUD_LAT_CNS_20260219_181204_P000001,REVOKE,1771524827.302554282,1771524827.411738004,.109183722,SUCCESS
447,CLOUD_LAT_CNS_20260219_181204_P000002,GRANT,1771524827.526321725,1771524827.669590003,.143268278,SUCCESS
448,CLOUD_LAT_CNS_20260219_181204_P000003,REVOKE,1771524827.785422170,1771524827.897955115,.112532945,SUCCESS
449,CLOUD_LAT_CNS_20260219_181204_P000004,GRANT,1771524828.012847348,1771524828.129471044,.116623696,SUCCESS
450,CLOUD_LAT_CNS_20260219_181204_P000005,REVOKE,1771524828.244365276,1771524828.352133946,.107768670,SUCCESS
451,CLOUD_LAT_CNS_20260219_181204_P000001,GRANT,1771524828.467061680,1771524828.578333279,.111271599,SUCCESS
452,CLOUD_LAT_CNS_20260219_181204_P000002,REVOKE,1771524828.693705329,1771524828.798865203,.105159874,SUCCESS
453,CLOUD_LAT_CNS_20260219_181204_P000003,GRANT,1771524828.913827738,1771524829.023434976,.109607238,SUCCESS
454,CLOUD_LAT_CNS_20260219_181204_P000004,REVOKE,1771524829.137948994,1771524829.243255073,.105306079,SUCCESS
455,CLOUD_LAT_CNS_20260219_181204_P000005,GRANT,1771524829.357532783,1771524829.464876037,.107343254,SUCCESS
456,CLOUD_LAT_CNS_20260219_181204_P000001,REVOKE,1771524829.580778206,1771524829.752262723,.171484517,SUCCESS
457,CLOUD_LAT_CNS_20260219_181204_P000002,GRANT,1771524829.868282197,1771524829.976807795,.108525598,SUCCESS
458,CLOUD_LAT_CNS_20260219_181204_P000003,REVOKE,1771524830.091142307,1771524830.203282938,.112140631,SUCCESS
459,CLOUD_LAT_CNS_20260219_181204_P000004,GRANT,1771524830.319057803,1771524830.429187260,.110129457,SUCCESS
460,CLOUD_LAT_CNS_20260219_181204_P000005,REVOKE,1771524830.544901422,1771524830.647711509,.102810087,SUCCESS
461,CLOUD_LAT_CNS_20260219_181204_P000001,GRANT,1771524830.763344969,1771524830.876116023,.112771054,SUCCESS
462,CLOUD_LAT_CNS_20260219_181204_P000002,REVOKE,1771524830.990820249,1771524831.104571339,.113751090,SUCCESS
463,CLOUD_LAT_CNS_20260219_181204_P000003,GRANT,1771524831.219357467,1771524831.331865212,.112507745,SUCCESS
464,CLOUD_LAT_CNS_20260219_181204_P000004,REVOKE,1771524831.446117721,1771524831.558850274,.112732553,SUCCESS
465,CLOUD_LAT_CNS_20260219_181204_P000005,GRANT,1771524831.677186533,1771524831.826456532,.149269999,SUCCESS
466,CLOUD_LAT_CNS_20260219_181204_P000001,REVOKE,1771524831.942555408,1771524832.052152045,.109596637,SUCCESS
467,CLOUD_LAT_CNS_20260219_181204_P000002,GRANT,1771524832.166990576,1771524832.279508821,.112518245,SUCCESS
468,CLOUD_LAT_CNS_20260219_181204_P000003,REVOKE,1771524832.394546058,1771524832.503739481,.109193423,SUCCESS
469,CLOUD_LAT_CNS_20260219_181204_P000004,GRANT,1771524832.618865298,1771524832.732653173,.113787875,SUCCESS
470,CLOUD_LAT_CNS_20260219_181204_P000005,REVOKE,1771524832.849931674,1771524832.952268939,.102337265,SUCCESS
471,CLOUD_LAT_CNS_20260219_181204_P000001,GRANT,1771524833.065825106,1771524833.178979259,.113154153,SUCCESS
472,CLOUD_LAT_CNS_20260219_181204_P000002,REVOKE,1771524833.293748568,1771524833.406010189,.112261621,SUCCESS
473,CLOUD_LAT_CNS_20260219_181204_P000003,GRANT,1771524833.521854338,1771524833.634754682,.112900344,SUCCESS
474,CLOUD_LAT_CNS_20260219_181204_P000004,REVOKE,1771524833.748738964,1771524833.914292093,.165553129,SUCCESS
475,CLOUD_LAT_CNS_20260219_181204_P000005,GRANT,1771524834.028627988,1771524834.140834506,.112206518,SUCCESS
476,CLOUD_LAT_CNS_20260219_181204_P000001,REVOKE,1771524834.254704484,1771524834.388125463,.133420979,SUCCESS
477,CLOUD_LAT_CNS_20260219_181204_P000002,GRANT,1771524834.502294751,1771524834.621978437,.119683686,SUCCESS
478,CLOUD_LAT_CNS_20260219_181204_P000003,REVOKE,1771524834.736091725,1771524834.840663570,.104571845,SUCCESS
479,CLOUD_LAT_CNS_20260219_181204_P000004,GRANT,1771524834.954816958,1771524835.080943675,.126126717,SUCCESS
480,CLOUD_LAT_CNS_20260219_181204_P000005,REVOKE,1771524835.196135701,1771524835.313264796,.117129095,SUCCESS
481,CLOUD_LAT_CNS_20260219_181204_P000001,GRANT,1771524835.427738895,1771524835.544734785,.116995890,SUCCESS
482,CLOUD_LAT_CNS_20260219_181204_P000002,REVOKE,1771524835.660657837,1771524835.767675370,.107017533,SUCCESS
483,CLOUD_LAT_CNS_20260219_181204_P000003,GRANT,1771524835.884032037,1771524836.024298561,.140266524,SUCCESS
484,CLOUD_LAT_CNS_20260219_181204_P000004,REVOKE,1771524836.143241121,1771524836.254653711,.111412590,SUCCESS
485,CLOUD_LAT_CNS_20260219_181204_P000005,GRANT,1771524836.368143275,1771524836.481636740,.113493465,SUCCESS
486,CLOUD_LAT_CNS_20260219_181204_P000001,REVOKE,1771524836.595280510,1771524836.709286093,.114005583,SUCCESS
487,CLOUD_LAT_CNS_20260219_181204_P000002,GRANT,1771524836.823329877,1771524836.937805477,.114475600,SUCCESS
488,CLOUD_LAT_CNS_20260219_181204_P000003,REVOKE,1771524837.052915700,1771524837.162239616,.109323916,SUCCESS
489,CLOUD_LAT_CNS_20260219_181204_P000004,GRANT,1771524837.277130030,1771524837.390141677,.113011647,SUCCESS
490,CLOUD_LAT_CNS_20260219_181204_P000005,REVOKE,1771524837.506988662,1771524837.617187209,.110198547,SUCCESS
491,CLOUD_LAT_CNS_20260219_181204_P000001,GRANT,1771524837.730934382,1771524837.847759066,.116824684,SUCCESS
492,CLOUD_LAT_CNS_20260219_181204_P000002,REVOKE,1771524837.963099897,1771524838.104981278,.141881381,SUCCESS
493,CLOUD_LAT_CNS_20260219_181204_P000003,GRANT,1771524838.220852328,1771524838.348470499,.127618171,SUCCESS
494,CLOUD_LAT_CNS_20260219_181204_P000004,REVOKE,1771524838.463051203,1771524838.567237234,.104186031,SUCCESS
495,CLOUD_LAT_CNS_20260219_181204_P000005,GRANT,1771524838.680633295,1771524838.811834794,.131201499,SUCCESS
496,CLOUD_LAT_CNS_20260219_181204_P000001,REVOKE,1771524838.927052920,1771524839.036130027,.109077107,SUCCESS
497,CLOUD_LAT_CNS_20260219_181204_P000002,GRANT,1771524839.152677301,1771524839.271496756,.118819455,SUCCESS
498,CLOUD_LAT_CNS_20260219_181204_P000003,REVOKE,1771524839.387056995,1771524839.492982488,.105925493,SUCCESS
499,CLOUD_LAT_CNS_20260219_181204_P000004,GRANT,1771524839.610517598,1771524839.722462408,.111944810,SUCCESS
500,CLOUD_LAT_CNS_20260219_181204_P000005,REVOKE,1771524839.838583766,1771524839.947924882,.109341116,SUCCESS
