Test Type,Transaction ID,Patient ID,Start Time,End Time,Duration (seconds),Status
UPDATE,1,CLOUD_UPDATE_20260219_183343_P000001,1771526024.672568794,1771526024.804620034,.125806725,SUCCESS
UPDATE,2,CLOUD_UPDATE_20260219_183343_P000002,1771526024.807027917,1771526024.925431888,.111908648,SUCCESS
UPDATE,3,CLOUD_UPDATE_20260219_183343_P000003,1771526024.927772768,1771526025.051621626,.116920020,SUCCESS
UPDATE,4,CLOUD_UPDATE_20260219_183343_P000004,1771526025.054019709,1771526025.179150911,.118190564,SUCCESS
UPDATE,5,CLOUD_UPDATE_20260219_183343_P000005,1771526025.181405288,1771526025.300209473,.111905647,SUCCESS
UPDATE,6,CLOUD_UPDATE_20260219_183343_P000006,1771526025.302510452,1771526025.421081928,.111781343,SUCCESS
UPDATE,7,CLOUD_UPDATE_20260219_183343_P000007,1771526025.423352606,1771526025.551547514,.121558179,SUCCESS
UPDATE,8,CLOUD_UPDATE_20260219_183343_P000008,1771526025.553659986,1771526025.674827452,.114331330,SUCCESS
UPDATE,9,CLOUD_UPDATE_20260219_183343_P000009,1771526025.677032828,1771526025.794552768,.110843411,SUCCESS
UPDATE,10,CLOUD_UPDATE_20260219_183343_P000010,1771526025.796766745,1771526025.912324717,.109081450,SUCCESS
UPDATE,11,CLOUD_UPDATE_20260219_183343_P000001,1771526025.914555194,1771526026.060113898,.138499361,SUCCESS
UPDATE,12,CLOUD_UPDATE_20260219_183343_P000002,1771526026.062364276,1771526026.177272426,.108214721,SUCCESS
UPDATE,13,CLOUD_UPDATE_20260219_183343_P000003,1771526026.179584906,1771526026.293671528,.107461595,SUCCESS
UPDATE,14,CLOUD_UPDATE_20260219_183343_P000004,1771526026.295906505,1771526026.407101147,.104905225,SUCCESS
UPDATE,15,CLOUD_UPDATE_20260219_183343_P000005,1771526026.409411327,1771526026.523255465,.106656689,SUCCESS
UPDATE,16,CLOUD_UPDATE_20260219_183343_P000006,1771526026.525520543,1771526026.641586659,.109263180,SUCCESS
UPDATE,17,CLOUD_UPDATE_20260219_183343_P000007,1771526026.643678931,1771526026.757808979,.107619223,SUCCESS
UPDATE,18,CLOUD_UPDATE_20260219_183343_P000008,1771526026.760038056,1771526026.873283474,.106530785,SUCCESS
UPDATE,19,CLOUD_UPDATE_20260219_183343_P000009,1771526026.875744159,1771526026.995004784,.112459390,SUCCESS
UPDATE,20,CLOUD_UPDATE_20260219_183343_P000010,1771526026.997256062,1771526027.114534019,.110387519,SUCCESS
UPDATE,21,CLOUD_UPDATE_20260219_183343_P000001,1771526027.116782397,1771526027.232263592,.109070273,SUCCESS
UPDATE,22,CLOUD_UPDATE_20260219_183343_P000002,1771526027.234621473,1771526027.350412279,.109116775,SUCCESS
UPDATE,23,CLOUD_UPDATE_20260219_183343_P000003,1771526027.352750460,1771526027.468800774,.109302881,SUCCESS
UPDATE,24,CLOUD_UPDATE_20260219_183343_P000004,1771526027.471073053,1771526027.591912433,.114335855,SUCCESS
UPDATE,25,CLOUD_UPDATE_20260219_183343_P000005,1771526027.594121909,1771526027.709225691,.108457452,SUCCESS
UPDATE,26,CLOUD_UPDATE_20260219_183343_P000006,1771526027.711589273,1771526027.842416399,.124028391,SUCCESS
UPDATE,27,CLOUD_UPDATE_20260219_183343_P000007,1771526027.844716078,1771526027.959066234,.108124440,SUCCESS
UPDATE,28,CLOUD_UPDATE_20260219_183343_P000008,1771526027.961413115,1771526028.077134818,.109173476,SUCCESS
UPDATE,29,CLOUD_UPDATE_20260219_183343_P000009,1771526028.079391096,1771526028.193713951,.107588621,SUCCESS
UPDATE,30,CLOUD_UPDATE_20260219_183343_P000010,1771526028.196116734,1771526028.307389583,.104494215,SUCCESS
UPDATE,31,CLOUD_UPDATE_20260219_183343_P000001,1771526028.309506357,1771526028.424251826,.107947634,SUCCESS
UPDATE,32,CLOUD_UPDATE_20260219_183343_P000002,1771526028.426555006,1771526028.539725821,.106567786,SUCCESS
UPDATE,33,CLOUD_UPDATE_20260219_183343_P000003,1771526028.542048201,1771526028.655641730,.106901698,SUCCESS
UPDATE,34,CLOUD_UPDATE_20260219_183343_P000004,1771526028.657850807,1771526028.776177600,.111473656,SUCCESS
UPDATE,35,CLOUD_UPDATE_20260219_183343_P000005,1771526028.778407277,1771526028.895103814,.110069807,SUCCESS
UPDATE,36,CLOUD_UPDATE_20260219_183343_P000006,1771526028.897511697,1771526029.015305072,.110814833,SUCCESS
UPDATE,37,CLOUD_UPDATE_20260219_183343_P000007,1771526029.017632853,1771526029.132813237,.108061138,SUCCESS
UPDATE,38,CLOUD_UPDATE_20260219_183343_P000008,1771526029.135236021,1771526029.250270300,.108148741,SUCCESS
UPDATE,39,CLOUD_UPDATE_20260219_183343_P000009,1771526029.253155700,1771526029.368258682,.108476552,SUCCESS
UPDATE,40,CLOUD_UPDATE_20260219_183343_P000010,1771526029.370561762,1771526029.484386799,.107177508,SUCCESS
UPDATE,41,CLOUD_UPDATE_20260219_183343_P000001,1771526029.486914687,1771526029.600196205,.106260576,SUCCESS
UPDATE,42,CLOUD_UPDATE_20260219_183343_P000002,1771526029.602540586,1771526029.719531934,.110210712,SUCCESS
UPDATE,43,CLOUD_UPDATE_20260219_183343_P000003,1771526029.721918816,1771526029.838145837,.109546189,SUCCESS
UPDATE,44,CLOUD_UPDATE_20260219_183343_P000004,1771526029.840313412,1771526029.958064585,.110983939,SUCCESS
UPDATE,45,CLOUD_UPDATE_20260219_183343_P000005,1771526029.960356864,1771526030.072802154,.105442747,SUCCESS
UPDATE,46,CLOUD_UPDATE_20260219_183343_P000006,1771526030.074889326,1771526030.191565963,.109982805,SUCCESS
UPDATE,47,CLOUD_UPDATE_20260219_183343_P000007,1771526030.193973246,1771526030.305073789,.104453013,SUCCESS
UPDATE,48,CLOUD_UPDATE_20260219_183343_P000008,1771526030.307600977,1771526030.420735290,.106215675,SUCCESS
UPDATE,49,CLOUD_UPDATE_20260219_183343_P000009,1771526030.423033770,1771526030.541095254,.111426855,SUCCESS
UPDATE,50,CLOUD_UPDATE_20260219_183343_P000010,1771526030.543078922,1771526030.656558048,.106787994,SUCCESS
UPDATE,51,CLOUD_UPDATE_20260219_183343_P000001,1771526030.658763624,1771526030.775638267,.110217113,SUCCESS
UPDATE,52,CLOUD_UPDATE_20260219_183343_P000002,1771526030.777933147,1771526030.894382975,.109866301,SUCCESS
UPDATE,53,CLOUD_UPDATE_20260219_183343_P000003,1771526030.896823159,1771526031.016350094,.112755900,SUCCESS
UPDATE,54,CLOUD_UPDATE_20260219_183343_P000004,1771526031.018909583,1771526031.138383716,.112582395,SUCCESS
UPDATE,55,CLOUD_UPDATE_20260219_183343_P000005,1771526031.140728297,1771526031.260412737,.112733000,SUCCESS
UPDATE,56,CLOUD_UPDATE_20260219_183343_P000006,1771526031.262718617,1771526031.377267479,.107896132,SUCCESS
UPDATE,57,CLOUD_UPDATE_20260219_183343_P000007,1771526031.379728064,1771526031.496418301,.109977004,SUCCESS
UPDATE,58,CLOUD_UPDATE_20260219_183343_P000008,1771526031.498636478,1771526031.614129773,.108720761,SUCCESS
UPDATE,59,CLOUD_UPDATE_20260219_183343_P000009,1771526031.616543457,1771526031.732148556,.108700561,SUCCESS
UPDATE,60,CLOUD_UPDATE_20260219_183343_P000010,1771526031.734434835,1771526031.853785563,.112488891,SUCCESS
UPDATE,61,CLOUD_UPDATE_20260219_183343_P000001,1771526031.856075043,1771526031.970286794,.107178407,SUCCESS
UPDATE,62,CLOUD_UPDATE_20260219_183343_P000002,1771526031.972593673,1771526032.097383690,.117897579,SUCCESS
UPDATE,63,CLOUD_UPDATE_20260219_183343_P000003,1771526032.099690570,1771526032.245225605,.138462990,SUCCESS
UPDATE,64,CLOUD_UPDATE_20260219_183343_P000004,1771526032.247860496,1771526032.378694522,.123720680,SUCCESS
UPDATE,65,CLOUD_UPDATE_20260219_183343_P000005,1771526032.380948000,1771526032.500285428,.112344086,SUCCESS
UPDATE,66,CLOUD_UPDATE_20260219_183343_P000006,1771526032.502538306,1771526032.623294283,.113840838,SUCCESS
UPDATE,67,CLOUD_UPDATE_20260219_183343_P000007,1771526032.625751768,1771526032.742507007,.109997705,SUCCESS
UPDATE,68,CLOUD_UPDATE_20260219_183343_P000008,1771526032.745801621,1771526032.871068854,.115194085,SUCCESS
UPDATE,69,CLOUD_UPDATE_20260219_183343_P000009,1771526032.873291531,1771526032.993895603,.113718334,SUCCESS
UPDATE,70,CLOUD_UPDATE_20260219_183343_P000010,1771526032.996332487,1771526033.122353247,.119078120,SUCCESS
UPDATE,71,CLOUD_UPDATE_20260219_183343_P000001,1771526033.124643826,1771526033.243150926,.111529758,SUCCESS
UPDATE,72,CLOUD_UPDATE_20260219_183343_P000002,1771526033.245343501,1771526033.361230510,.109508188,SUCCESS
UPDATE,73,CLOUD_UPDATE_20260219_183343_P000003,1771526033.363542090,1771526033.481380767,.110505922,SUCCESS
UPDATE,74,CLOUD_UPDATE_20260219_183343_P000004,1771526033.483712647,1771526033.601512922,.110901836,SUCCESS
UPDATE,75,CLOUD_UPDATE_20260219_183343_P000005,1771526033.603697998,1771526033.724832488,.114390057,SUCCESS
UPDATE,76,CLOUD_UPDATE_20260219_183343_P000006,1771526033.727104167,1771526033.845980279,.111940072,SUCCESS
UPDATE,77,CLOUD_UPDATE_20260219_183343_P000007,1771526033.848309260,1771526033.962085196,.106869097,SUCCESS
UPDATE,78,CLOUD_UPDATE_20260219_183343_P000008,1771526033.964342174,1771526034.086207589,.115235587,SUCCESS
UPDATE,79,CLOUD_UPDATE_20260219_183343_P000009,1771526034.088485068,1771526034.203573649,.108302246,SUCCESS
UPDATE,80,CLOUD_UPDATE_20260219_183343_P000010,1771526034.205963832,1771526034.325105554,.112160080,SUCCESS
UPDATE,81,CLOUD_UPDATE_20260219_183343_P000001,1771526034.327588240,1771526034.444292722,.110063150,SUCCESS
UPDATE,82,CLOUD_UPDATE_20260219_183343_P000002,1771526034.446652505,1771526034.565414559,.112096321,SUCCESS
UPDATE,83,CLOUD_UPDATE_20260219_183343_P000003,1771526034.568011850,1771526034.681612724,.106894739,SUCCESS
UPDATE,84,CLOUD_UPDATE_20260219_183343_P000004,1771526034.683859802,1771526034.798112599,.107727569,SUCCESS
UPDATE,85,CLOUD_UPDATE_20260219_183343_P000005,1771526034.800333677,1771526034.916292033,.109517531,SUCCESS
UPDATE,86,CLOUD_UPDATE_20260219_183343_P000006,1771526034.918622914,1771526035.037325167,.111951516,SUCCESS
UPDATE,87,CLOUD_UPDATE_20260219_183343_P000007,1771526035.039649848,1771526035.163134268,.116610479,SUCCESS
UPDATE,88,CLOUD_UPDATE_20260219_183343_P000008,1771526035.165657756,1771526035.283283770,.110756774,SUCCESS
UPDATE,89,CLOUD_UPDATE_20260219_183343_P000009,1771526035.285358843,1771526035.403264067,.110826876,SUCCESS
UPDATE,90,CLOUD_UPDATE_20260219_183343_P000010,1771526035.405383541,1771526035.526306871,.114015188,SUCCESS
UPDATE,91,CLOUD_UPDATE_20260219_183343_P000001,1771526035.528744557,1771526035.648207436,.112729544,SUCCESS
UPDATE,92,CLOUD_UPDATE_20260219_183343_P000002,1771526035.651017034,1771526035.767247300,.109235421,SUCCESS
UPDATE,93,CLOUD_UPDATE_20260219_183343_P000003,1771526035.769522279,1771526035.884691508,.108556697,SUCCESS
UPDATE,94,CLOUD_UPDATE_20260219_183343_P000004,1771526035.886920386,1771526036.005735142,.111948716,SUCCESS
UPDATE,95,CLOUD_UPDATE_20260219_183343_P000005,1771526036.007936119,1771526036.129948187,.115119327,SUCCESS
UPDATE,96,CLOUD_UPDATE_20260219_183343_P000006,1771526036.132261768,1771526036.249058853,.110024149,SUCCESS
UPDATE,97,CLOUD_UPDATE_20260219_183343_P000007,1771526036.251390635,1771526036.371268428,.113405167,SUCCESS
UPDATE,98,CLOUD_UPDATE_20260219_183343_P000008,1771526036.373754415,1771526036.494518640,.112493035,SUCCESS
UPDATE,99,CLOUD_UPDATE_20260219_183343_P000009,1771526036.496791419,1771526036.624285579,.120540616,SUCCESS
UPDATE,100,CLOUD_UPDATE_20260219_183343_P000010,1771526036.626556558,1771526036.746803865,.113693377,SUCCESS
UPDATE,101,CLOUD_UPDATE_20260219_183343_P000001,1771526036.749008242,1771526036.869226847,.113855482,SUCCESS
UPDATE,102,CLOUD_UPDATE_20260219_183343_P000002,1771526036.871508927,1771526036.997282027,.118672252,SUCCESS
UPDATE,103,CLOUD_UPDATE_20260219_183343_P000003,1771526036.999551506,1771526037.116322891,.110207955,SUCCESS
UPDATE,104,CLOUD_UPDATE_20260219_183343_P000004,1771526037.118677773,1771526037.234131412,.108390292,SUCCESS
UPDATE,105,CLOUD_UPDATE_20260219_183343_P000005,1771526037.236342789,1771526037.353514088,.110477864,SUCCESS
UPDATE,106,CLOUD_UPDATE_20260219_183343_P000006,1771526037.355789167,1771526037.471563517,.109136318,SUCCESS
UPDATE,107,CLOUD_UPDATE_20260219_183343_P000007,1771526037.473642090,1771526037.585890816,.105880304,SUCCESS
UPDATE,108,CLOUD_UPDATE_20260219_183343_P000008,1771526037.588110594,1771526037.703119817,.108476695,SUCCESS
UPDATE,109,CLOUD_UPDATE_20260219_183343_P000009,1771526037.705179489,1771526037.817288811,.105707597,SUCCESS
UPDATE,110,CLOUD_UPDATE_20260219_183343_P000010,1771526037.819612592,1771526037.935461844,.108877309,SUCCESS
UPDATE,111,CLOUD_UPDATE_20260219_183343_P000001,1771526037.937697023,1771526038.053149061,.108757004,SUCCESS
UPDATE,112,CLOUD_UPDATE_20260219_183343_P000002,1771526038.055404040,1771526038.175007324,.112962852,SUCCESS
UPDATE,113,CLOUD_UPDATE_20260219_183343_P000003,1771526038.176992093,1771526038.291107385,.107591163,SUCCESS
UPDATE,114,CLOUD_UPDATE_20260219_183343_P000004,1771526038.293268261,1771526038.408689198,.108596299,SUCCESS
UPDATE,115,CLOUD_UPDATE_20260219_183343_P000005,1771526038.411101982,1771526038.523902928,.105984208,SUCCESS
UPDATE,116,CLOUD_UPDATE_20260219_183343_P000006,1771526038.526109305,1771526038.638010720,.105113877,SUCCESS
UPDATE,117,CLOUD_UPDATE_20260219_183343_P000007,1771526038.640246098,1771526038.755194619,.108346590,SUCCESS
UPDATE,118,CLOUD_UPDATE_20260219_183343_P000008,1771526038.757550201,1771526038.875188216,.111361495,SUCCESS
UPDATE,119,CLOUD_UPDATE_20260219_183343_P000009,1771526038.877251889,1771526038.996360355,.112326430,SUCCESS
UPDATE,120,CLOUD_UPDATE_20260219_183343_P000010,1771526038.998674136,1771526039.121070417,.113751779,SUCCESS
UPDATE,121,CLOUD_UPDATE_20260219_183343_P000001,1771526039.123383698,1771526039.241787940,.111161488,SUCCESS
UPDATE,122,CLOUD_UPDATE_20260219_183343_P000002,1771526039.243990117,1771526039.361544429,.110735573,SUCCESS
UPDATE,123,CLOUD_UPDATE_20260219_183343_P000003,1771526039.364026216,1771526039.490943556,.119656186,SUCCESS
UPDATE,124,CLOUD_UPDATE_20260219_183343_P000004,1771526039.493525846,1771526039.618186207,.117534711,SUCCESS
UPDATE,125,CLOUD_UPDATE_20260219_183343_P000005,1771526039.620732696,1771526039.739178539,.111739609,SUCCESS
UPDATE,126,CLOUD_UPDATE_20260219_183343_P000006,1771526039.741607024,1771526039.866252184,.118100632,SUCCESS
UPDATE,127,CLOUD_UPDATE_20260219_183343_P000007,1771526039.868600466,1771526039.987887239,.112246126,SUCCESS
UPDATE,128,CLOUD_UPDATE_20260219_183343_P000008,1771526039.990189419,1771526040.144098303,.147374755,SUCCESS
UPDATE,129,CLOUD_UPDATE_20260219_183343_P000009,1771526040.146534988,1771526040.267089405,.114249796,SUCCESS
UPDATE,130,CLOUD_UPDATE_20260219_183343_P000010,1771526040.269414887,1771526040.391812468,.114886119,SUCCESS
UPDATE,131,CLOUD_UPDATE_20260219_183343_P000001,1771526040.394297755,1771526040.541138592,.139698887,SUCCESS
UPDATE,132,CLOUD_UPDATE_20260219_183343_P000002,1771526040.543610878,1771526040.681192391,.131077485,SUCCESS
UPDATE,133,CLOUD_UPDATE_20260219_183343_P000003,1771526040.683498972,1771526040.814233545,.123888834,SUCCESS
UPDATE,134,CLOUD_UPDATE_20260219_183343_P000004,1771526040.816774534,1771526040.936523022,.113030954,SUCCESS
UPDATE,135,CLOUD_UPDATE_20260219_183343_P000005,1771526040.938818303,1771526041.072663185,.126633729,SUCCESS
UPDATE,136,CLOUD_UPDATE_20260219_183343_P000006,1771526041.075081069,1771526041.198625591,.116138862,SUCCESS
UPDATE,137,CLOUD_UPDATE_20260219_183343_P000007,1771526041.200898670,1771526041.325262121,.113304264,SUCCESS
UPDATE,138,CLOUD_UPDATE_20260219_183343_P000008,1771526041.327658805,1771526041.448412429,.113147958,SUCCESS
UPDATE,139,CLOUD_UPDATE_20260219_183343_P000009,1771526041.453405103,1771526041.574327133,.113209060,SUCCESS
UPDATE,140,CLOUD_UPDATE_20260219_183343_P000010,1771526041.576683315,1771526041.701926397,.118313839,SUCCESS
UPDATE,141,CLOUD_UPDATE_20260219_183343_P000001,1771526041.704159375,1771526041.824711592,.113632875,SUCCESS
UPDATE,142,CLOUD_UPDATE_20260219_183343_P000002,1771526041.826934369,1771526041.944138569,.110504366,SUCCESS
UPDATE,143,CLOUD_UPDATE_20260219_183343_P000003,1771526041.946694259,1771526042.074029013,.114435803,SUCCESS
UPDATE,144,CLOUD_UPDATE_20260219_183343_P000004,1771526042.076262791,1771526042.201804182,.118469844,SUCCESS
UPDATE,145,CLOUD_UPDATE_20260219_183343_P000005,1771526042.204096463,1771526042.320136722,.108899710,SUCCESS
UPDATE,146,CLOUD_UPDATE_20260219_183343_P000006,1771526042.322552206,1771526042.437417417,.107816864,SUCCESS
UPDATE,147,CLOUD_UPDATE_20260219_183343_P000007,1771526042.439584793,1771526042.555340034,.108655593,SUCCESS
UPDATE,148,CLOUD_UPDATE_20260219_183343_P000008,1771526042.557656115,1771526042.680298496,.113437460,SUCCESS
UPDATE,149,CLOUD_UPDATE_20260219_183343_P000009,1771526042.682585176,1771526042.810318435,.120679013,SUCCESS
UPDATE,150,CLOUD_UPDATE_20260219_183343_P000010,1771526042.812819922,1771526042.944819930,.125073166,SUCCESS
UPDATE,151,CLOUD_UPDATE_20260219_183343_P000001,1771526042.947250915,1771526043.074333952,.120527108,SUCCESS
UPDATE,152,CLOUD_UPDATE_20260219_183343_P000002,1771526043.076652133,1771526043.201937406,.114218888,SUCCESS
UPDATE,153,CLOUD_UPDATE_20260219_183343_P000003,1771526043.204147684,1771526043.320568248,.109445220,SUCCESS
UPDATE,154,CLOUD_UPDATE_20260219_183343_P000004,1771526043.322840027,1771526043.439417797,.109973439,SUCCESS
UPDATE,155,CLOUD_UPDATE_20260219_183343_P000005,1771526043.441691076,1771526043.558582757,.110075443,SUCCESS
UPDATE,156,CLOUD_UPDATE_20260219_183343_P000006,1771526043.560809935,1771526043.677558010,.110246549,SUCCESS
UPDATE,157,CLOUD_UPDATE_20260219_183343_P000007,1771526043.680041397,1771526043.813155844,.126441414,SUCCESS
UPDATE,158,CLOUD_UPDATE_20260219_183343_P000008,1771526043.815574328,1771526043.943894308,.121168730,SUCCESS
UPDATE,159,CLOUD_UPDATE_20260219_183343_P000009,1771526043.946111685,1771526044.073337227,.119458371,SUCCESS
UPDATE,160,CLOUD_UPDATE_20260219_183343_P000010,1771526044.076381233,1771526044.197780471,.114446595,SUCCESS
UPDATE,161,CLOUD_UPDATE_20260219_183343_P000001,1771526044.200112853,1771526044.326204654,.119328566,SUCCESS
UPDATE,162,CLOUD_UPDATE_20260219_183343_P000002,1771526044.329043754,1771526044.450957210,.114434895,SUCCESS
UPDATE,163,CLOUD_UPDATE_20260219_183343_P000003,1771526044.453223989,1771526044.577097613,.117180491,SUCCESS
UPDATE,164,CLOUD_UPDATE_20260219_183343_P000004,1771526044.579303190,1771526044.707801876,.121409938,SUCCESS
UPDATE,165,CLOUD_UPDATE_20260219_183343_P000005,1771526044.710128957,1771526044.832002712,.114449595,SUCCESS
UPDATE,166,CLOUD_UPDATE_20260219_183343_P000006,1771526044.834228089,1771526044.949516014,.108371883,SUCCESS
UPDATE,167,CLOUD_UPDATE_20260219_183343_P000007,1771526044.951729691,1771526045.066407095,.108040071,SUCCESS
UPDATE,168,CLOUD_UPDATE_20260219_183343_P000008,1771526045.068736076,1771526045.185931267,.110458056,SUCCESS
UPDATE,169,CLOUD_UPDATE_20260219_183343_P000009,1771526045.188195246,1771526045.302958753,.108482887,SUCCESS
UPDATE,170,CLOUD_UPDATE_20260219_183343_P000010,1771526045.305112228,1771526045.427711308,.115458031,SUCCESS
UPDATE,171,CLOUD_UPDATE_20260219_183343_P000001,1771526045.430298198,1771526045.545970936,.109030506,SUCCESS
UPDATE,172,CLOUD_UPDATE_20260219_183343_P000002,1771526045.548150012,1771526045.662562907,.107739461,SUCCESS
UPDATE,173,CLOUD_UPDATE_20260219_183343_P000003,1771526045.664828086,1771526045.784382259,.112962944,SUCCESS
UPDATE,174,CLOUD_UPDATE_20260219_183343_P000004,1771526045.786653839,1771526045.899988595,.106967034,SUCCESS
UPDATE,175,CLOUD_UPDATE_20260219_183343_P000005,1771526045.902311776,1771526046.015211717,.106508018,SUCCESS
UPDATE,176,CLOUD_UPDATE_20260219_183343_P000006,1771526046.017633802,1771526046.130895956,.106219208,SUCCESS
UPDATE,177,CLOUD_UPDATE_20260219_183343_P000007,1771526046.133168735,1771526046.247659432,.107784063,SUCCESS
UPDATE,178,CLOUD_UPDATE_20260219_183343_P000008,1771526046.250024415,1771526046.362266133,.105691989,SUCCESS
UPDATE,179,CLOUD_UPDATE_20260219_183343_P000009,1771526046.364427809,1771526046.476554223,.105597086,SUCCESS
UPDATE,180,CLOUD_UPDATE_20260219_183343_P000010,1771526046.478742299,1771526046.592197960,.106591921,SUCCESS
UPDATE,181,CLOUD_UPDATE_20260219_183343_P000001,1771526046.594407237,1771526046.708030004,.106717725,SUCCESS
UPDATE,182,CLOUD_UPDATE_20260219_183343_P000002,1771526046.710250081,1771526046.824737978,.107889766,SUCCESS
UPDATE,183,CLOUD_UPDATE_20260219_183343_P000003,1771526046.826981556,1771526046.941198344,.107366649,SUCCESS
UPDATE,184,CLOUD_UPDATE_20260219_183343_P000004,1771526046.943297217,1771526047.059630578,.109799333,SUCCESS
UPDATE,185,CLOUD_UPDATE_20260219_183343_P000005,1771526047.061798254,1771526047.177166381,.108484688,SUCCESS
UPDATE,186,CLOUD_UPDATE_20260219_183343_P000006,1771526047.179308956,1771526047.294132864,.108271780,SUCCESS
UPDATE,187,CLOUD_UPDATE_20260219_183343_P000007,1771526047.296416344,1771526047.427530421,.124322540,SUCCESS
UPDATE,188,CLOUD_UPDATE_20260219_183343_P000008,1771526047.429944806,1771526047.544997622,.108305681,SUCCESS
UPDATE,189,CLOUD_UPDATE_20260219_183343_P000009,1771526047.547076695,1771526047.665077114,.111094078,SUCCESS
UPDATE,190,CLOUD_UPDATE_20260219_183343_P000010,1771526047.667240490,1771526047.781850891,.108024071,SUCCESS
UPDATE,191,CLOUD_UPDATE_20260219_183343_P000001,1771526047.784228174,1771526047.900265024,.109360218,SUCCESS
UPDATE,192,CLOUD_UPDATE_20260219_183343_P000002,1771526047.902516503,1771526048.017865430,.108569290,SUCCESS
UPDATE,193,CLOUD_UPDATE_20260219_183343_P000003,1771526048.020097108,1771526048.143590919,.111672899,SUCCESS
UPDATE,194,CLOUD_UPDATE_20260219_183343_P000004,1771526048.148373186,1771526048.261180924,.105943098,SUCCESS
UPDATE,195,CLOUD_UPDATE_20260219_183343_P000005,1771526048.263364600,1771526048.376864663,.106737126,SUCCESS
UPDATE,196,CLOUD_UPDATE_20260219_183343_P000006,1771526048.379017538,1771526048.496365034,.110289050,SUCCESS
UPDATE,197,CLOUD_UPDATE_20260219_183343_P000007,1771526048.498658314,1771526048.612487288,.107037437,SUCCESS
UPDATE,198,CLOUD_UPDATE_20260219_183343_P000008,1771526048.614707066,1771526048.731044627,.109675429,SUCCESS
UPDATE,199,CLOUD_UPDATE_20260219_183343_P000009,1771526048.733496712,1771526048.848658033,.108601092,SUCCESS
UPDATE,200,CLOUD_UPDATE_20260219_183343_P000010,1771526048.850750706,1771526048.972423653,.114693104,SUCCESS
UPDATE,201,CLOUD_UPDATE_20260219_183343_P000001,1771526048.974855838,1771526049.096013968,.114061282,SUCCESS
UPDATE,202,CLOUD_UPDATE_20260219_183343_P000002,1771526049.098265647,1771526049.215656745,.110384354,SUCCESS
UPDATE,203,CLOUD_UPDATE_20260219_183343_P000003,1771526049.217944925,1771526049.333670865,.108930203,SUCCESS
UPDATE,204,CLOUD_UPDATE_20260219_183343_P000004,1771526049.335828340,1771526049.452988830,.110332951,SUCCESS
UPDATE,205,CLOUD_UPDATE_20260219_183343_P000005,1771526049.455320011,1771526049.574425569,.112151015,SUCCESS
UPDATE,206,CLOUD_UPDATE_20260219_183343_P000006,1771526049.576757851,1771526049.697372361,.113707869,SUCCESS
UPDATE,207,CLOUD_UPDATE_20260219_183343_P000007,1771526049.699433433,1771526049.819040709,.112620731,SUCCESS
UPDATE,208,CLOUD_UPDATE_20260219_183343_P000008,1771526049.821288187,1771526049.934705347,.106451916,SUCCESS
UPDATE,209,CLOUD_UPDATE_20260219_183343_P000009,1771526049.937075129,1771526050.050747898,.107043037,SUCCESS
UPDATE,210,CLOUD_UPDATE_20260219_183343_P000010,1771526050.052998176,1771526050.176588891,.117117089,SUCCESS
UPDATE,211,CLOUD_UPDATE_20260219_183343_P000001,1771526050.178634362,1771526050.291281695,.106244509,SUCCESS
UPDATE,212,CLOUD_UPDATE_20260219_183343_P000002,1771526050.293805183,1771526050.409348450,.108785928,SUCCESS
UPDATE,213,CLOUD_UPDATE_20260219_183343_P000003,1771526050.411743835,1771526050.528601775,.110162304,SUCCESS
UPDATE,214,CLOUD_UPDATE_20260219_183343_P000004,1771526050.530885256,1771526050.655807983,.118228189,SUCCESS
UPDATE,215,CLOUD_UPDATE_20260219_183343_P000005,1771526050.658097764,1771526050.773666459,.108525046,SUCCESS
UPDATE,216,CLOUD_UPDATE_20260219_183343_P000006,1771526050.775953740,1771526050.891115021,.108459143,SUCCESS
UPDATE,217,CLOUD_UPDATE_20260219_183343_P000007,1771526050.893398501,1771526051.011786996,.111045234,SUCCESS
UPDATE,218,CLOUD_UPDATE_20260219_183343_P000008,1771526051.014112479,1771526051.130590206,.109706788,SUCCESS
UPDATE,219,CLOUD_UPDATE_20260219_183343_P000009,1771526051.133089795,1771526051.250598658,.110782926,SUCCESS
UPDATE,220,CLOUD_UPDATE_20260219_183343_P000010,1771526051.252884339,1771526051.368527137,.108508245,SUCCESS
UPDATE,221,CLOUD_UPDATE_20260219_183343_P000001,1771526051.370850019,1771526051.486877431,.109366575,SUCCESS
UPDATE,222,CLOUD_UPDATE_20260219_183343_P000002,1771526051.489068308,1771526051.604783809,.108848357,SUCCESS
UPDATE,223,CLOUD_UPDATE_20260219_183343_P000003,1771526051.606898084,1771526051.727804868,.114040941,SUCCESS
UPDATE,224,CLOUD_UPDATE_20260219_183343_P000004,1771526051.730059348,1771526051.850032799,.113226612,SUCCESS
UPDATE,225,CLOUD_UPDATE_20260219_183343_P000005,1771526051.852232077,1771526051.966915140,.107816020,SUCCESS
UPDATE,226,CLOUD_UPDATE_20260219_183343_P000006,1771526051.969064816,1771526052.080259157,.104343597,SUCCESS
UPDATE,227,CLOUD_UPDATE_20260219_183343_P000007,1771526052.082622240,1771526052.197392507,.108180333,SUCCESS
UPDATE,228,CLOUD_UPDATE_20260219_183343_P000008,1771526052.199784192,1771526052.321634109,.114991975,SUCCESS
UPDATE,229,CLOUD_UPDATE_20260219_183343_P000009,1771526052.324076796,1771526052.443299320,.112308379,SUCCESS
UPDATE,230,CLOUD_UPDATE_20260219_183343_P000010,1771526052.445616103,1771526052.563342874,.110779326,SUCCESS
UPDATE,231,CLOUD_UPDATE_20260219_183343_P000001,1771526052.565669556,1771526052.690793090,.117758573,SUCCESS
UPDATE,232,CLOUD_UPDATE_20260219_183343_P000002,1771526052.693214276,1771526052.822414354,.122292534,SUCCESS
UPDATE,233,CLOUD_UPDATE_20260219_183343_P000003,1771526052.824716936,1771526052.949795368,.115829704,SUCCESS
UPDATE,234,CLOUD_UPDATE_20260219_183343_P000004,1771526052.952055348,1771526053.080187188,.121376001,SUCCESS
UPDATE,235,CLOUD_UPDATE_20260219_183343_P000005,1771526053.082660375,1771526053.203248148,.113372517,SUCCESS
UPDATE,236,CLOUD_UPDATE_20260219_183343_P000006,1771526053.205687135,1771526053.326321209,.113968938,SUCCESS
UPDATE,237,CLOUD_UPDATE_20260219_183343_P000007,1771526053.328434484,1771526053.453961432,.117738472,SUCCESS
UPDATE,238,CLOUD_UPDATE_20260219_183343_P000008,1771526053.456209012,1771526053.575257130,.112493786,SUCCESS
UPDATE,239,CLOUD_UPDATE_20260219_183343_P000009,1771526053.577641515,1771526053.697268153,.112769496,SUCCESS
UPDATE,240,CLOUD_UPDATE_20260219_183343_P000010,1771526053.699389429,1771526053.811643106,.105433736,SUCCESS
UPDATE,241,CLOUD_UPDATE_20260219_183343_P000001,1771526053.813913287,1771526053.929351377,.108735053,SUCCESS
UPDATE,242,CLOUD_UPDATE_20260219_183343_P000002,1771526053.931586056,1771526054.047256455,.108674750,SUCCESS
UPDATE,243,CLOUD_UPDATE_20260219_183343_P000003,1771526054.049558936,1771526054.162162026,.106047257,SUCCESS
UPDATE,244,CLOUD_UPDATE_20260219_183343_P000004,1771526054.164420706,1771526054.282332484,.111304444,SUCCESS
UPDATE,245,CLOUD_UPDATE_20260219_183343_P000005,1771526054.284552463,1771526054.401306000,.107970625,SUCCESS
UPDATE,246,CLOUD_UPDATE_20260219_183343_P000006,1771526054.403603982,1771526054.519924603,.109891194,SUCCESS
UPDATE,247,CLOUD_UPDATE_20260219_183343_P000007,1771526054.522265086,1771526054.642909961,.110396911,SUCCESS
UPDATE,248,CLOUD_UPDATE_20260219_183343_P000008,1771526054.644911332,1771526054.764341264,.113157110,SUCCESS
UPDATE,249,CLOUD_UPDATE_20260219_183343_P000009,1771526054.766417337,1771526054.883154174,.110158404,SUCCESS
UPDATE,250,CLOUD_UPDATE_20260219_183343_P000010,1771526054.885607061,1771526055.000615336,.108306238,SUCCESS
UPDATE,251,CLOUD_UPDATE_20260219_183343_P000001,1771526055.002927018,1771526055.125045145,.115544094,SUCCESS
UPDATE,252,CLOUD_UPDATE_20260219_183343_P000002,1771526055.127353527,1771526055.243780752,.109397977,SUCCESS
UPDATE,253,CLOUD_UPDATE_20260219_183343_P000003,1771526055.245966830,1771526055.361315617,.108589348,SUCCESS
UPDATE,254,CLOUD_UPDATE_20260219_183343_P000004,1771526055.363433692,1771526055.478735878,.108547046,SUCCESS
UPDATE,255,CLOUD_UPDATE_20260219_183343_P000005,1771526055.481080461,1771526055.597199075,.109190169,SUCCESS
UPDATE,256,CLOUD_UPDATE_20260219_183343_P000006,1771526055.599405353,1771526055.713210386,.107195899,SUCCESS
UPDATE,257,CLOUD_UPDATE_20260219_183343_P000007,1771526055.715492167,1771526055.825551967,.103543269,SUCCESS
UPDATE,258,CLOUD_UPDATE_20260219_183343_P000008,1771526055.827779146,1771526055.944057866,.109513080,SUCCESS
UPDATE,259,CLOUD_UPDATE_20260219_183343_P000009,1771526055.946275644,1771526056.068183964,.114609061,SUCCESS
UPDATE,260,CLOUD_UPDATE_20260219_183343_P000010,1771526056.072553419,1771526056.200506153,.120731878,SUCCESS
UPDATE,261,CLOUD_UPDATE_20260219_183343_P000001,1771526056.202904838,1771526056.323755720,.114081542,SUCCESS
UPDATE,262,CLOUD_UPDATE_20260219_183343_P000002,1771526056.326084602,1771526056.441611696,.108868457,SUCCESS
UPDATE,263,CLOUD_UPDATE_20260219_183343_P000003,1771526056.443926078,1771526056.563868928,.113358317,SUCCESS
UPDATE,264,CLOUD_UPDATE_20260219_183343_P000004,1771526056.566121808,1771526056.683540469,.110866529,SUCCESS
UPDATE,265,CLOUD_UPDATE_20260219_183343_P000005,1771526056.685722546,1771526056.800100299,.107828721,SUCCESS
UPDATE,266,CLOUD_UPDATE_20260219_183343_P000006,1771526056.802614088,1771526056.915223878,.105756247,SUCCESS
UPDATE,267,CLOUD_UPDATE_20260219_183343_P000007,1771526056.917536160,1771526057.034740813,.110323309,SUCCESS
UPDATE,268,CLOUD_UPDATE_20260219_183343_P000008,1771526057.037000193,1771526057.152934801,.108783055,SUCCESS
UPDATE,269,CLOUD_UPDATE_20260219_183343_P000009,1771526057.154860869,1771526057.269516232,.107831621,SUCCESS
UPDATE,270,CLOUD_UPDATE_20260219_183343_P000010,1771526057.271711010,1771526057.389652489,.111243741,SUCCESS
UPDATE,271,CLOUD_UPDATE_20260219_183343_P000001,1771526057.391910069,1771526057.508345295,.109930395,SUCCESS
UPDATE,272,CLOUD_UPDATE_20260219_183343_P000002,1771526057.510649676,1771526057.624838822,.107332103,SUCCESS
UPDATE,273,CLOUD_UPDATE_20260219_183343_P000003,1771526057.627251708,1771526057.744191851,.110228206,SUCCESS
UPDATE,274,CLOUD_UPDATE_20260219_183343_P000004,1771526057.746528434,1771526057.863494879,.109972397,SUCCESS
UPDATE,275,CLOUD_UPDATE_20260219_183343_P000005,1771526057.865756259,1771526057.979708497,.107408906,SUCCESS
UPDATE,276,CLOUD_UPDATE_20260219_183343_P000006,1771526057.982057080,1771526058.096158523,.107582212,SUCCESS
UPDATE,277,CLOUD_UPDATE_20260219_183343_P000007,1771526058.098607410,1771526058.215209541,.110095802,SUCCESS
UPDATE,278,CLOUD_UPDATE_20260219_183343_P000008,1771526058.217467621,1771526058.335767413,.111953766,SUCCESS
UPDATE,279,CLOUD_UPDATE_20260219_183343_P000009,1771526058.337867188,1771526058.458597253,.113908624,SUCCESS
UPDATE,280,CLOUD_UPDATE_20260219_183343_P000010,1771526058.460869133,1771526058.581328986,.113589511,SUCCESS
UPDATE,281,CLOUD_UPDATE_20260219_183343_P000001,1771526058.583659069,1771526058.702103751,.111849250,SUCCESS
UPDATE,282,CLOUD_UPDATE_20260219_183343_P000002,1771526058.704281328,1771526058.821255258,.109977583,SUCCESS
UPDATE,283,CLOUD_UPDATE_20260219_183343_P000003,1771526058.823526038,1771526058.938852710,.108690238,SUCCESS
UPDATE,284,CLOUD_UPDATE_20260219_183343_P000004,1771526058.940954684,1771526059.059560172,.111581440,SUCCESS
UPDATE,285,CLOUD_UPDATE_20260219_183343_P000005,1771526059.061824752,1771526059.178650577,.110193991,SUCCESS
UPDATE,286,CLOUD_UPDATE_20260219_183343_P000006,1771526059.180945958,1771526059.296908152,.109113953,SUCCESS
UPDATE,287,CLOUD_UPDATE_20260219_183343_P000007,1771526059.299147432,1771526059.415806551,.109969383,SUCCESS
UPDATE,288,CLOUD_UPDATE_20260219_183343_P000008,1771526059.418013329,1771526059.534289734,.109804777,SUCCESS
UPDATE,289,CLOUD_UPDATE_20260219_183343_P000009,1771526059.536480311,1771526059.653223233,.109908981,SUCCESS
UPDATE,290,CLOUD_UPDATE_20260219_183343_P000010,1771526059.655567116,1771526059.768900218,.106195750,SUCCESS
UPDATE,291,CLOUD_UPDATE_20260219_183343_P000001,1771526059.771196499,1771526059.884187688,.106149248,SUCCESS
UPDATE,292,CLOUD_UPDATE_20260219_183343_P000002,1771526059.886389666,1771526060.007026926,.113744117,SUCCESS
UPDATE,293,CLOUD_UPDATE_20260219_183343_P000003,1771526060.009231604,1771526060.125801819,.109926082,SUCCESS
UPDATE,294,CLOUD_UPDATE_20260219_183343_P000004,1771526060.128213905,1771526060.245170134,.110421899,SUCCESS
UPDATE,295,CLOUD_UPDATE_20260219_183343_P000005,1771526060.247852429,1771526060.364379943,.109134954,SUCCESS
UPDATE,296,CLOUD_UPDATE_20260219_183343_P000006,1771526060.366589021,1771526060.482917329,.109695274,SUCCESS
UPDATE,297,CLOUD_UPDATE_20260219_183343_P000007,1771526060.485219210,1771526060.603780796,.111257028,SUCCESS
UPDATE,298,CLOUD_UPDATE_20260219_183343_P000008,1771526060.606048676,1771526060.720875931,.108040114,SUCCESS
UPDATE,299,CLOUD_UPDATE_20260219_183343_P000009,1771526060.723139511,1771526060.839415316,.109602570,SUCCESS
UPDATE,300,CLOUD_UPDATE_20260219_183343_P000010,1771526060.841751699,1771526060.958339115,.109562568,SUCCESS
UPDATE,301,CLOUD_UPDATE_20260219_183343_P000001,1771526060.960689198,1771526061.080853041,.113300300,SUCCESS
UPDATE,302,CLOUD_UPDATE_20260219_183343_P000002,1771526061.083081720,1771526061.200284858,.110599006,SUCCESS
UPDATE,303,CLOUD_UPDATE_20260219_183343_P000003,1771526061.202833448,1771526061.317861509,.107767005,SUCCESS
UPDATE,304,CLOUD_UPDATE_20260219_183343_P000004,1771526061.320063587,1771526061.435532164,.108722939,SUCCESS
UPDATE,305,CLOUD_UPDATE_20260219_183343_P000005,1771526061.437894448,1771526061.552318788,.107574598,SUCCESS
UPDATE,306,CLOUD_UPDATE_20260219_183343_P000006,1771526061.554604768,1771526061.672136218,.110923916,SUCCESS
UPDATE,307,CLOUD_UPDATE_20260219_183343_P000007,1771526061.674525303,1771526061.787876505,.106582763,SUCCESS
UPDATE,308,CLOUD_UPDATE_20260219_183343_P000008,1771526061.790152585,1771526061.905428655,.108348026,SUCCESS
UPDATE,309,CLOUD_UPDATE_20260219_183343_P000009,1771526061.907682735,1771526062.023400021,.108916446,SUCCESS
UPDATE,310,CLOUD_UPDATE_20260219_183343_P000010,1771526062.025729803,1771526062.143502262,.110763311,SUCCESS
UPDATE,311,CLOUD_UPDATE_20260219_183343_P000001,1771526062.146297760,1771526062.267772049,.113050691,SUCCESS
UPDATE,312,CLOUD_UPDATE_20260219_183343_P000002,1771526062.270234036,1771526062.391823629,.114645048,SUCCESS
UPDATE,313,CLOUD_UPDATE_20260219_183343_P000003,1771526062.394095410,1771526062.512212180,.111551739,SUCCESS
UPDATE,314,CLOUD_UPDATE_20260219_183343_P000004,1771526062.514579164,1771526062.631739400,.110194191,SUCCESS
UPDATE,315,CLOUD_UPDATE_20260219_183343_P000005,1771526062.633966479,1771526062.748026506,.107271488,SUCCESS
UPDATE,316,CLOUD_UPDATE_20260219_183343_P000006,1771526062.750429491,1771526062.866589193,.108724638,SUCCESS
UPDATE,317,CLOUD_UPDATE_20260219_183343_P000007,1771526062.868873073,1771526062.982195975,.106691068,SUCCESS
UPDATE,318,CLOUD_UPDATE_20260219_183343_P000008,1771526062.984503556,1771526063.100090937,.108322124,SUCCESS
UPDATE,319,CLOUD_UPDATE_20260219_183343_P000009,1771526063.102319116,1771526063.220271481,.111602640,SUCCESS
UPDATE,320,CLOUD_UPDATE_20260219_183343_P000010,1771526063.222699366,1771526063.335336743,.105802035,SUCCESS
UPDATE,321,CLOUD_UPDATE_20260219_183343_P000001,1771526063.337599323,1771526063.453669922,.109072151,SUCCESS
UPDATE,322,CLOUD_UPDATE_20260219_183343_P000002,1771526063.455956302,1771526063.569846724,.107175684,SUCCESS
UPDATE,323,CLOUD_UPDATE_20260219_183343_P000003,1771526063.571915697,1771526063.686058727,.107374592,SUCCESS
UPDATE,324,CLOUD_UPDATE_20260219_183343_P000004,1771526063.688503213,1771526063.803843686,.108337125,SUCCESS
UPDATE,325,CLOUD_UPDATE_20260219_183343_P000005,1771526063.806184968,1771526063.921199829,.108574533,SUCCESS
UPDATE,326,CLOUD_UPDATE_20260219_183343_P000006,1771526063.923556713,1771526064.037768845,.107181585,SUCCESS
UPDATE,327,CLOUD_UPDATE_20260219_183343_P000007,1771526064.040195931,1771526064.156060622,.109372661,SUCCESS
UPDATE,328,CLOUD_UPDATE_20260219_183343_P000008,1771526064.158337102,1771526064.279544782,.114470042,SUCCESS
UPDATE,329,CLOUD_UPDATE_20260219_183343_P000009,1771526064.281789861,1771526064.399015500,.110445800,SUCCESS
UPDATE,330,CLOUD_UPDATE_20260219_183343_P000010,1771526064.401432386,1771526064.521290418,.113112694,SUCCESS
UPDATE,331,CLOUD_UPDATE_20260219_183343_P000001,1771526064.523846908,1771526064.640002709,.109326860,SUCCESS
UPDATE,332,CLOUD_UPDATE_20260219_183343_P000002,1771526064.642242888,1771526064.756933238,.108023914,SUCCESS
UPDATE,333,CLOUD_UPDATE_20260219_183343_P000003,1771526064.759260020,1771526064.872303111,.106681067,SUCCESS
UPDATE,334,CLOUD_UPDATE_20260219_183343_P000004,1771526064.874483788,1771526064.993007673,.111708745,SUCCESS
UPDATE,335,CLOUD_UPDATE_20260219_183343_P000005,1771526064.995286054,1771526065.112351587,.109716774,SUCCESS
UPDATE,336,CLOUD_UPDATE_20260219_183343_P000006,1771526065.114667469,1771526065.232412426,.110791812,SUCCESS
UPDATE,337,CLOUD_UPDATE_20260219_183343_P000007,1771526065.234732908,1771526065.350665702,.109097552,SUCCESS
UPDATE,338,CLOUD_UPDATE_20260219_183343_P000008,1771526065.352932182,1771526065.481299314,.121457989,SUCCESS
UPDATE,339,CLOUD_UPDATE_20260219_183343_P000009,1771526065.483751301,1771526065.602374689,.111702445,SUCCESS
UPDATE,340,CLOUD_UPDATE_20260219_183343_P000010,1771526065.604706072,1771526065.722095316,.110696808,SUCCESS
UPDATE,341,CLOUD_UPDATE_20260219_183343_P000001,1771526065.724372797,1771526065.840128684,.108869344,SUCCESS
UPDATE,342,CLOUD_UPDATE_20260219_183343_P000002,1771526065.842338262,1771526065.956211583,.107313890,SUCCESS
UPDATE,343,CLOUD_UPDATE_20260219_183343_P000003,1771526065.958506664,1771526066.079633140,.113974524,SUCCESS
UPDATE,344,CLOUD_UPDATE_20260219_183343_P000004,1771526066.081897720,1771526066.198332432,.109696673,SUCCESS
UPDATE,345,CLOUD_UPDATE_20260219_183343_P000005,1771526066.200868421,1771526066.318363370,.110838714,SUCCESS
UPDATE,346,CLOUD_UPDATE_20260219_183343_P000006,1771526066.320699652,1771526066.446969312,.119198910,SUCCESS
UPDATE,347,CLOUD_UPDATE_20260219_183343_P000007,1771526066.449221991,1771526066.566210724,.110259194,SUCCESS
UPDATE,348,CLOUD_UPDATE_20260219_183343_P000008,1771526066.568679811,1771526066.682300624,.107092083,SUCCESS
UPDATE,349,CLOUD_UPDATE_20260219_183343_P000009,1771526066.684471401,1771526066.797810705,.106478162,SUCCESS
UPDATE,350,CLOUD_UPDATE_20260219_183343_P000010,1771526066.799937980,1771526066.912920771,.106461060,SUCCESS
UPDATE,351,CLOUD_UPDATE_20260219_183343_P000001,1771526066.914972543,1771526067.031220149,.109382464,SUCCESS
UPDATE,352,CLOUD_UPDATE_20260219_183343_P000002,1771526067.033577333,1771526067.150126849,.109579571,SUCCESS
UPDATE,353,CLOUD_UPDATE_20260219_183343_P000003,1771526067.152621838,1771526067.271663842,.112508974,SUCCESS
UPDATE,354,CLOUD_UPDATE_20260219_183343_P000004,1771526067.273859620,1771526067.390752049,.109899182,SUCCESS
UPDATE,355,CLOUD_UPDATE_20260219_183343_P000005,1771526067.393044330,1771526067.508267000,.108133620,SUCCESS
UPDATE,356,CLOUD_UPDATE_20260219_183343_P000006,1771526067.510631184,1771526067.622920450,.105332221,SUCCESS
UPDATE,357,CLOUD_UPDATE_20260219_183343_P000007,1771526067.625433939,1771526067.741212428,.108759442,SUCCESS
UPDATE,358,CLOUD_UPDATE_20260219_183343_P000008,1771526067.743493709,1771526067.856934716,.106993080,SUCCESS
UPDATE,359,CLOUD_UPDATE_20260219_183343_P000009,1771526067.859180095,1771526067.974213759,.107911712,SUCCESS
UPDATE,360,CLOUD_UPDATE_20260219_183343_P000010,1771526067.976414736,1771526068.091301495,.108153420,SUCCESS
UPDATE,361,CLOUD_UPDATE_20260219_183343_P000001,1771526068.093682679,1771526068.215090367,.114727052,SUCCESS
UPDATE,362,CLOUD_UPDATE_20260219_183343_P000002,1771526068.217392449,1771526068.333161838,.109031951,SUCCESS
UPDATE,363,CLOUD_UPDATE_20260219_183343_P000003,1771526068.335093006,1771526068.451610922,.109864881,SUCCESS
UPDATE,364,CLOUD_UPDATE_20260219_183343_P000004,1771526068.453907403,1771526068.572312485,.111716146,SUCCESS
UPDATE,365,CLOUD_UPDATE_20260219_183343_P000005,1771526068.574664968,1771526068.690046144,.108828444,SUCCESS
UPDATE,366,CLOUD_UPDATE_20260219_183343_P000006,1771526068.692473030,1771526068.806611062,.107223987,SUCCESS
UPDATE,367,CLOUD_UPDATE_20260219_183343_P000007,1771526068.808852841,1771526068.922515656,.106919277,SUCCESS
UPDATE,368,CLOUD_UPDATE_20260219_183343_P000008,1771526068.924632330,1771526069.041387755,.110050688,SUCCESS
UPDATE,369,CLOUD_UPDATE_20260219_183343_P000009,1771526069.043592932,1771526069.157761965,.107524198,SUCCESS
UPDATE,370,CLOUD_UPDATE_20260219_183343_P000010,1771526069.160046746,1771526069.276871973,.110104889,SUCCESS
UPDATE,371,CLOUD_UPDATE_20260219_183343_P000001,1771526069.279216255,1771526069.392304750,.105925441,SUCCESS
UPDATE,372,CLOUD_UPDATE_20260219_183343_P000002,1771526069.394588631,1771526069.511572463,.110111390,SUCCESS
UPDATE,373,CLOUD_UPDATE_20260219_183343_P000003,1771526069.513937546,1771526069.630864277,.109863280,SUCCESS
UPDATE,374,CLOUD_UPDATE_20260219_183343_P000004,1771526069.633074355,1771526069.750171191,.110173792,SUCCESS
UPDATE,375,CLOUD_UPDATE_20260219_183343_P000005,1771526069.752334167,1771526069.870822953,.111714346,SUCCESS
UPDATE,376,CLOUD_UPDATE_20260219_183343_P000006,1771526069.873256439,1771526069.988709317,.108573935,SUCCESS
UPDATE,377,CLOUD_UPDATE_20260219_183343_P000007,1771526069.990863993,1771526070.108102434,.110710810,SUCCESS
UPDATE,378,CLOUD_UPDATE_20260219_183343_P000008,1771526070.110509519,1771526070.228781297,.111316432,SUCCESS
UPDATE,379,CLOUD_UPDATE_20260219_183343_P000009,1771526070.231372989,1771526070.349316755,.111201228,SUCCESS
UPDATE,380,CLOUD_UPDATE_20260219_183343_P000010,1771526070.351588535,1771526070.468219355,.109698775,SUCCESS
UPDATE,381,CLOUD_UPDATE_20260219_183343_P000001,1771526070.470751744,1771526070.586422230,.108804343,SUCCESS
UPDATE,382,CLOUD_UPDATE_20260219_183343_P000002,1771526070.588652909,1771526070.705266928,.109792078,SUCCESS
UPDATE,383,CLOUD_UPDATE_20260219_183343_P000003,1771526070.707917222,1771526070.826121797,.111164327,SUCCESS
UPDATE,384,CLOUD_UPDATE_20260219_183343_P000004,1771526070.828432478,1771526070.946326243,.110486103,SUCCESS
UPDATE,385,CLOUD_UPDATE_20260219_183343_P000005,1771526070.948563022,1771526071.067134010,.111725946,SUCCESS
UPDATE,386,CLOUD_UPDATE_20260219_183343_P000006,1771526071.069649499,1771526071.186914641,.110245194,SUCCESS
UPDATE,387,CLOUD_UPDATE_20260219_183343_P000007,1771526071.189163921,1771526071.306178154,.110336897,SUCCESS
UPDATE,388,CLOUD_UPDATE_20260219_183343_P000008,1771526071.308517937,1771526071.429349905,.113875222,SUCCESS
UPDATE,389,CLOUD_UPDATE_20260219_183343_P000009,1771526071.431798391,1771526071.549810360,.111224729,SUCCESS
UPDATE,390,CLOUD_UPDATE_20260219_183343_P000010,1771526071.552170143,1771526071.669216778,.110296796,SUCCESS
UPDATE,391,CLOUD_UPDATE_20260219_183343_P000001,1771526071.671553560,1771526071.792095118,.113338503,SUCCESS
UPDATE,392,CLOUD_UPDATE_20260219_183343_P000002,1771526071.794504803,1771526071.912038955,.110527104,SUCCESS
UPDATE,393,CLOUD_UPDATE_20260219_183343_P000003,1771526071.914296135,1771526072.029162692,.108036317,SUCCESS
UPDATE,394,CLOUD_UPDATE_20260219_183343_P000004,1771526072.031628079,1771526072.146067021,.107671403,SUCCESS
UPDATE,395,CLOUD_UPDATE_20260219_183343_P000005,1771526072.148226898,1771526072.264325999,.109418565,SUCCESS
UPDATE,396,CLOUD_UPDATE_20260219_183343_P000006,1771526072.266692382,1771526072.381377533,.107794207,SUCCESS
UPDATE,397,CLOUD_UPDATE_20260219_183343_P000007,1771526072.383820620,1771526072.501238767,.110761112,SUCCESS
UPDATE,398,CLOUD_UPDATE_20260219_183343_P000008,1771526072.503475046,1771526072.618691916,.108361528,SUCCESS
UPDATE,399,CLOUD_UPDATE_20260219_183343_P000009,1771526072.621150803,1771526072.738376844,.110747312,SUCCESS
UPDATE,400,CLOUD_UPDATE_20260219_183343_P000010,1771526072.740686425,1771526072.864322492,.116954531,SUCCESS
UPDATE,401,CLOUD_UPDATE_20260219_183343_P000001,1771526072.866656275,1771526072.985148060,.111812250,SUCCESS
UPDATE,402,CLOUD_UPDATE_20260219_183343_P000002,1771526072.987523844,1771526073.105436309,.110996921,SUCCESS
UPDATE,403,CLOUD_UPDATE_20260219_183343_P000003,1771526073.107773592,1771526073.224548117,.109998486,SUCCESS
UPDATE,404,CLOUD_UPDATE_20260219_183343_P000004,1771526073.226843498,1771526073.344502754,.110026986,SUCCESS
UPDATE,405,CLOUD_UPDATE_20260219_183343_P000005,1771526073.346742833,1771526073.461763896,.108498332,SUCCESS
UPDATE,406,CLOUD_UPDATE_20260219_183343_P000006,1771526073.464124379,1771526073.585167255,.113994926,SUCCESS
UPDATE,407,CLOUD_UPDATE_20260219_183343_P000007,1771526073.587420334,1771526073.705534407,.111009922,SUCCESS
UPDATE,408,CLOUD_UPDATE_20260219_183343_P000008,1771526073.707817387,1771526073.826100665,.111614743,SUCCESS
UPDATE,409,CLOUD_UPDATE_20260219_183343_P000009,1771526073.828264942,1771526073.944124934,.108922848,SUCCESS
UPDATE,410,CLOUD_UPDATE_20260219_183343_P000010,1771526073.946357013,1771526074.061339975,.108065417,SUCCESS
UPDATE,411,CLOUD_UPDATE_20260219_183343_P000001,1771526074.063647156,1771526074.177310171,.106560064,SUCCESS
UPDATE,412,CLOUD_UPDATE_20260219_183343_P000002,1771526074.179619553,1771526074.302038377,.115640385,SUCCESS
UPDATE,413,CLOUD_UPDATE_20260219_183343_P000003,1771526074.304201053,1771526074.417725471,.106699476,SUCCESS
UPDATE,414,CLOUD_UPDATE_20260219_183343_P000004,1771526074.419999252,1771526074.534429418,.107740327,SUCCESS
UPDATE,415,CLOUD_UPDATE_20260219_183343_P000005,1771526074.536541993,1771526074.651433575,.108387851,SUCCESS
UPDATE,416,CLOUD_UPDATE_20260219_183343_P000006,1771526074.653814059,1771526074.767206988,.106743792,SUCCESS
UPDATE,417,CLOUD_UPDATE_20260219_183343_P000007,1771526074.769364465,1771526074.884309749,.108324849,SUCCESS
UPDATE,418,CLOUD_UPDATE_20260219_183343_P000008,1771526074.886545128,1771526075.012521104,.119161134,SUCCESS
UPDATE,419,CLOUD_UPDATE_20260219_183343_P000009,1771526075.014764584,1771526075.132973583,.111012344,SUCCESS
UPDATE,420,CLOUD_UPDATE_20260219_183343_P000010,1771526075.134782048,1771526075.249352518,.107988637,SUCCESS
UPDATE,421,CLOUD_UPDATE_20260219_183343_P000001,1771526075.251635599,1771526075.365118231,.106621589,SUCCESS
UPDATE,422,CLOUD_UPDATE_20260219_183343_P000002,1771526075.367653221,1771526075.484225563,.109787401,SUCCESS
UPDATE,423,CLOUD_UPDATE_20260219_183343_P000003,1771526075.486543545,1771526075.607824554,.114261360,SUCCESS
UPDATE,424,CLOUD_UPDATE_20260219_183343_P000004,1771526075.610101635,1771526075.726144158,.109393786,SUCCESS
UPDATE,425,CLOUD_UPDATE_20260219_183343_P000005,1771526075.728546643,1771526075.843580931,.108137042,SUCCESS
UPDATE,426,CLOUD_UPDATE_20260219_183343_P000006,1771526075.845935214,1771526075.962614860,.109889704,SUCCESS
UPDATE,427,CLOUD_UPDATE_20260219_183343_P000007,1771526075.964987644,1771526076.082248010,.110314020,SUCCESS
UPDATE,428,CLOUD_UPDATE_20260219_183343_P000008,1771526076.084591193,1771526076.199995694,.108305048,SUCCESS
UPDATE,429,CLOUD_UPDATE_20260219_183343_P000009,1771526076.202269274,1771526076.317607672,.108598459,SUCCESS
UPDATE,430,CLOUD_UPDATE_20260219_183343_P000010,1771526076.319983257,1771526076.440875752,.114377863,SUCCESS
UPDATE,431,CLOUD_UPDATE_20260219_183343_P000001,1771526076.443193434,1771526076.567517951,.114573671,SUCCESS
UPDATE,432,CLOUD_UPDATE_20260219_183343_P000002,1771526076.569731630,1771526076.683925487,.107517420,SUCCESS
UPDATE,433,CLOUD_UPDATE_20260219_183343_P000003,1771526076.686309572,1771526076.799935209,.106769294,SUCCESS
UPDATE,434,CLOUD_UPDATE_20260219_183343_P000004,1771526076.802233391,1771526076.921657534,.112596601,SUCCESS
UPDATE,435,CLOUD_UPDATE_20260219_183343_P000005,1771526076.923842511,1771526077.042607231,.112168985,SUCCESS
UPDATE,436,CLOUD_UPDATE_20260219_183343_P000006,1771526077.044939714,1771526077.160487819,.108563457,SUCCESS
UPDATE,437,CLOUD_UPDATE_20260219_183343_P000007,1771526077.162616395,1771526077.275964622,.106954300,SUCCESS
UPDATE,438,CLOUD_UPDATE_20260219_183343_P000008,1771526077.278056696,1771526077.390822102,.106103570,SUCCESS
UPDATE,439,CLOUD_UPDATE_20260219_183343_P000009,1771526077.393165586,1771526077.512979243,.112957013,SUCCESS
UPDATE,440,CLOUD_UPDATE_20260219_183343_P000010,1771526077.515357827,1771526077.630903232,.108280447,SUCCESS
UPDATE,441,CLOUD_UPDATE_20260219_183343_P000001,1771526077.633191014,1771526077.758848678,.118850022,SUCCESS
UPDATE,442,CLOUD_UPDATE_20260219_183343_P000002,1771526077.761175261,1771526077.882410368,.114460767,SUCCESS
UPDATE,443,CLOUD_UPDATE_20260219_183343_P000003,1771526077.884822954,1771526078.001121286,.109151378,SUCCESS
UPDATE,444,CLOUD_UPDATE_20260219_183343_P000004,1771526078.003302763,1771526078.118623861,.108624459,SUCCESS
UPDATE,445,CLOUD_UPDATE_20260219_183343_P000005,1771526078.120840739,1771526078.235019396,.107910534,SUCCESS
UPDATE,446,CLOUD_UPDATE_20260219_183343_P000006,1771526078.237220274,1771526078.352835682,.108981072,SUCCESS
UPDATE,447,CLOUD_UPDATE_20260219_183343_P000007,1771526078.355233167,1771526078.475773650,.113962749,SUCCESS
UPDATE,448,CLOUD_UPDATE_20260219_183343_P000008,1771526078.478010929,1771526078.592007879,.107205409,SUCCESS
UPDATE,449,CLOUD_UPDATE_20260219_183343_P000009,1771526078.594534869,1771526078.709314747,.108035338,SUCCESS
UPDATE,450,CLOUD_UPDATE_20260219_183343_P000010,1771526078.711583428,1771526078.825902389,.108089241,SUCCESS
UPDATE,451,CLOUD_UPDATE_20260219_183343_P000001,1771526078.827880860,1771526078.949544682,.114579071,SUCCESS
UPDATE,452,CLOUD_UPDATE_20260219_183343_P000002,1771526078.951882865,1771526079.068543410,.109468990,SUCCESS
UPDATE,453,CLOUD_UPDATE_20260219_183343_P000003,1771526079.070895394,1771526079.189125694,.111389858,SUCCESS
UPDATE,454,CLOUD_UPDATE_20260219_183343_P000004,1771526079.191605983,1771526079.304416291,.105993566,SUCCESS
UPDATE,455,CLOUD_UPDATE_20260219_183343_P000005,1771526079.306680971,1771526079.419101865,.105596652,SUCCESS
UPDATE,456,CLOUD_UPDATE_20260219_183343_P000006,1771526079.421346545,1771526079.538385103,.110384722,SUCCESS
UPDATE,457,CLOUD_UPDATE_20260219_183343_P000007,1771526079.540764688,1771526079.654750238,.106994701,SUCCESS
UPDATE,458,CLOUD_UPDATE_20260219_183343_P000008,1771526079.657069720,1771526079.778545936,.114439566,SUCCESS
UPDATE,459,CLOUD_UPDATE_20260219_183343_P000009,1771526079.780686612,1771526079.892926800,.105796759,SUCCESS
UPDATE,460,CLOUD_UPDATE_20260219_183343_P000010,1771526079.894900170,1771526080.003894742,.102478141,SUCCESS
UPDATE,461,CLOUD_UPDATE_20260219_183343_P000001,1771526080.005935915,1771526080.134731391,.122216142,SUCCESS
UPDATE,462,CLOUD_UPDATE_20260219_183343_P000002,1771526080.137087875,1771526080.255961698,.112072082,SUCCESS
UPDATE,463,CLOUD_UPDATE_20260219_183343_P000003,1771526080.258169877,1771526080.374954126,.110180815,SUCCESS
UPDATE,464,CLOUD_UPDATE_20260219_183343_P000004,1771526080.377408613,1771526080.493887751,.109151678,SUCCESS
UPDATE,465,CLOUD_UPDATE_20260219_183343_P000005,1771526080.496195533,1771526080.611628535,.108593058,SUCCESS
UPDATE,466,CLOUD_UPDATE_20260219_183343_P000006,1771526080.614017819,1771526080.730187847,.109112577,SUCCESS
UPDATE,467,CLOUD_UPDATE_20260219_183343_P000007,1771526080.732520330,1771526080.847204204,.107928134,SUCCESS
UPDATE,468,CLOUD_UPDATE_20260219_183343_P000008,1771526080.849662192,1771526080.963604340,.106999102,SUCCESS
UPDATE,469,CLOUD_UPDATE_20260219_183343_P000009,1771526080.965963924,1771526081.080658499,.108012938,SUCCESS
UPDATE,470,CLOUD_UPDATE_20260219_183343_P000010,1771526081.082749973,1771526081.200895771,.111235952,SUCCESS
UPDATE,471,CLOUD_UPDATE_20260219_183343_P000001,1771526081.203155351,1771526081.321004138,.110922040,SUCCESS
UPDATE,472,CLOUD_UPDATE_20260219_183343_P000002,1771526081.323236717,1771526081.440626188,.110552128,SUCCESS
UPDATE,473,CLOUD_UPDATE_20260219_183343_P000003,1771526081.442946470,1771526081.563959570,.113955749,SUCCESS
UPDATE,474,CLOUD_UPDATE_20260219_183343_P000004,1771526081.566293553,1771526081.687497959,.114316962,SUCCESS
UPDATE,475,CLOUD_UPDATE_20260219_183343_P000005,1771526081.689895344,1771526081.805510152,.108466854,SUCCESS
UPDATE,476,CLOUD_UPDATE_20260219_183343_P000006,1771526081.807807534,1771526081.922813020,.108040038,SUCCESS
UPDATE,477,CLOUD_UPDATE_20260219_183343_P000007,1771526081.925096201,1771526082.041623141,.109077075,SUCCESS
UPDATE,478,CLOUD_UPDATE_20260219_183343_P000008,1771526082.043928523,1771526082.166600781,.115669410,SUCCESS
UPDATE,479,CLOUD_UPDATE_20260219_183343_P000009,1771526082.168840461,1771526082.282723707,.107353214,SUCCESS
UPDATE,480,CLOUD_UPDATE_20260219_183343_P000010,1771526082.285031589,1771526082.403587095,.111680763,SUCCESS
UPDATE,481,CLOUD_UPDATE_20260219_183343_P000001,1771526082.405855474,1771526082.522353765,.109392640,SUCCESS
UPDATE,482,CLOUD_UPDATE_20260219_183343_P000002,1771526082.524756349,1771526082.645260680,.113549386,SUCCESS
UPDATE,483,CLOUD_UPDATE_20260219_183343_P000003,1771526082.647514959,1771526082.763816543,.109372740,SUCCESS
UPDATE,484,CLOUD_UPDATE_20260219_183343_P000004,1771526082.766075122,1771526082.879259296,.107110261,SUCCESS
UPDATE,485,CLOUD_UPDATE_20260219_183343_P000005,1771526082.881122061,1771526082.995082962,.107528576,SUCCESS
UPDATE,486,CLOUD_UPDATE_20260219_183343_P000006,1771526082.997602851,1771526083.111382946,.106873053,SUCCESS
UPDATE,487,CLOUD_UPDATE_20260219_183343_P000007,1771526083.113800831,1771526083.230636933,.109784954,SUCCESS
UPDATE,488,CLOUD_UPDATE_20260219_183343_P000008,1771526083.232981315,1771526083.359272449,.119355890,SUCCESS
UPDATE,489,CLOUD_UPDATE_20260219_183343_P000009,1771526083.361587731,1771526083.498095323,.129362942,SUCCESS
UPDATE,490,CLOUD_UPDATE_20260219_183343_P000010,1771526083.501302036,1771526083.622606795,.114287613,SUCCESS
UPDATE,491,CLOUD_UPDATE_20260219_183343_P000001,1771526083.624885875,1771526083.740261526,.108474009,SUCCESS
UPDATE,492,CLOUD_UPDATE_20260219_183343_P000002,1771526083.742626109,1771526083.861248174,.111903429,SUCCESS
UPDATE,493,CLOUD_UPDATE_20260219_183343_P000003,1771526083.863514154,1771526083.975082471,.104686676,SUCCESS
UPDATE,494,CLOUD_UPDATE_20260219_183343_P000004,1771526083.977104042,1771526084.095257090,.111572318,SUCCESS
UPDATE,495,CLOUD_UPDATE_20260219_183343_P000005,1771526084.097752278,1771526084.214157365,.109837256,SUCCESS
UPDATE,496,CLOUD_UPDATE_20260219_183343_P000006,1771526084.216434145,1771526084.355151315,.131607220,SUCCESS
UPDATE,497,CLOUD_UPDATE_20260219_183343_P000007,1771526084.357435295,1771526084.473187560,.109018128,SUCCESS
UPDATE,498,CLOUD_UPDATE_20260219_183343_P000008,1771526084.475338435,1771526084.588128095,.106304232,SUCCESS
UPDATE,499,CLOUD_UPDATE_20260219_183343_P000009,1771526084.590358873,1771526084.704732589,.107590377,SUCCESS
UPDATE,500,CLOUD_UPDATE_20260219_183343_P000010,1771526084.707046170,1771526084.819879832,.106113326,SUCCESS
SUMMARY,UPDATE,500,500,60.152642522,8.31
